NDB_No,Nutr_No,Isfl_Val,SD,n,Min,Max,CC,DataSrc_ID
1056,710,0,,1,0,0,D,31
1056,711,0,,1,0,0,D,31
1056,713,0,,1,0,0,D,31
1077,710,0,,1,0,0,C,31
1077,711,0,0,149,0,0,B,"31,43"
1077,713,0,,1,0,0,C,31
1079,710,0,,1,0,0,C,89
1079,711,0,,1,0,0,C,89
1079,712,0,,1,0,0,C,89
1079,713,0,,1,0,0,C,89
1079,715,0,,1,0,0,,89
1079,716,0,,1,0,0,,89
1116,710,0,,1,0,0,D,31
1116,711,0,,1,0,0,D,31
1116,713,0,,1,0,0,D,31
1123,710,0.02,,2,0,0.03,C,"31, 76a"
1123,711,0.02,,1,0.01,0.02,C,"31, 76a"
1123,712,0,,1,,,C,76a
1123,713,0.05,,1,0.05,0.05,D,31
1123,714,0.05,,1,0.05,0.05,,31
1123,715,0.05,,1,0.05,0.05,,31
1123,716,0,,1,0,0,,31
1124,710,0,,1,,,C,76a
1124,711,0,,1,,,C,76a
1124,712,0,,1,,,C,76a
1125,710,0.02,,1,,,C,76a
1125,711,0.01,,1,,,C,76a
1125,712,0,,1,,,C,76a
2019,710,0.01,0,3,0.01,0.01,C,57
2019,711,0.01,0,3,0.01,0.01,C,57
2019,713,0.02,0,3,0.02,0.02,C,57
2019,714,0.01,,1,0.01,0.01,,57
2019,715,0.01,,1,0.01,0.01,,57
2019,716,0,,1,0,0,,57
2046,710,0,,1,0,0,D,31
2046,711,0,,1,0,0,D,31
2046,713,0,,1,0,0,D,31
3841,710,0.73,0.41,11,0.39,1.91,A,"37,86"
3841,711,1.37,0.37,11,0.86,2.26,A,"37,86"
3841,712,0.12,0.02,10,0.09,0.14,A,"37,"
3841,713,2.21,0.74,11,1.34,4.17,A,"37,86"
3843,710,6.03,0,6,6.03,6.03,B,"69,70"
3843,711,12.23,0.51,6,11.43,13.03,B,"69,70"
3843,712,2.73,0.02,6,2.7,2.77,B,"69,70"
3843,713,25.82,2.85,11,20.17,31.6,A,"69,70,85"
3890,710,0.75,0,4,0.75,0.75,B,69
3890,711,1.6,0,4,1.6,1.6,B,69
3890,712,0.28,0,4,0.28,0.28,B,69
3890,713,2.63,0,4,2.63,2.63,B,69
3891,710,0.98,0.16,5,0.79,1.25,B,"70,75"
3891,711,2.69,0.46,5,2.19,3.45,B,"70,75"
3891,712,0.35,0,2,0.35,0.35,B,70
3891,713,3.81,0.75,5,2.98,5.05,B,"70,75"
3893,710,5.7,0,2,5.7,5.7,B,70
3893,711,13.55,0,2,13.55,13.55,B,70
3893,712,2.05,0,2,2.05,2.05,B,70
3893,713,28.01,2.95,7,21.3,30.7,B,"70,85"
3931,710,7.23,0.06,4,7.15,7.3,B,"69,70"
3931,711,14.75,0.2,4,14.5,15,B,"69,70"
3931,712,3,0.04,4,2.95,3.05,B,"69,70"
3931,713,25,0.08,4,24.9,25.1,B,"69,70"
4044,710,0,0,3,0,0,B,66
4044,711,0,0,3,0,0,B,66
4044,712,0,0,3,0,0,B,66
4044,713,0,0,3,0,0,B,66
5323,710,0.25,0.07,2,0.2,0.3,C,91
5323,711,0.3,0,2,0.3,0.3,C,91
5323,712,0,0,2,0,0,C,91
5323,713,0.55,0.07,2,0.5,0.6,C,91
5327,710,0.2,0.14,2,0.1,0.3,C,91
5327,711,0.25,0.07,2,0.2,0.3,C,91
5327,712,0,0,2,0,0,C,91
5327,713,0.55,0.21,2,0.4,0.7,C,91
6016,710,0,,1,0,0,C,91
6016,711,0.1,,1,0.1,0.1,C,91
6016,712,0,,1,0,0,C,91
6016,713,0.1,,1,0.1,0.1,C,91
6019,710,0,,1,0,0,C,91
6019,711,0,,1,0,0,C,91
6019,712,0,,1,0,0,C,91
6019,713,0,,1,0,0,C,91
6043,710,0,,1,0,0,C,91
6043,711,0,,1,0,0,C,91
6043,712,0,,1,0,0,C,91
6043,713,0,,1,0,0,C,91
6065,710,0,,1,0,0,C,91
6065,711,0,,1,0,0,C,91
6065,712,0,,1,0,0,C,91
6065,713,0,,1,0,0,C,91
6071,710,0,0,2,0,0,C,91
6071,711,0,0,2,0,0,C,91
6071,712,0,0,2,0,0,C,91
6071,713,0,0,2,0,0,C,91
6075,710,0,0,2,0,0,C,91
6075,711,0,0,2,0,0,C,91
6075,712,0,0,2,0,0,C,91
6075,713,0.1,0,2,0.1,0.1,C,91
6118,710,0,0,2,0,0,C,91
6118,711,0,0,2,0,0,C,91
6118,712,0,0,2,0,0,C,91
6118,713,0,0,2,0,0,C,91
6119,710,0,,1,0,0,C,91
6119,711,0,,1,0,0,C,91
6119,712,0,,1,0,0,C,91
6119,713,0,,1,0,0,C,91
6121,710,0,,1,0,0,C,91
6121,711,0,,1,0,0,C,91
6121,712,0,,1,0,0,C,91
6121,713,0,,1,0,0,C,91
6122,710,0,0,3,0,0,C,91
6122,711,0,0,3,0,0,C,91
6122,712,0,0,3,0,0,C,91
6122,713,0,0,3,0,0,C,91
6125,710,0.15,0.21,2,0,0.3,C,91
6125,711,0.15,0.21,2,0,0.3,C,91
6125,712,0.05,0.07,2,0,0.1,C,91
6125,713,0.35,0.49,2,0,0.7,C,91
6175,710,6.1,5.52,2,2.2,10,C,91
6175,711,3.25,2.19,2,1.7,4.8,C,91
6175,712,0.55,0.49,2,0.2,0.9,C,91
6175,713,9.9,8.2,2,4.1,15.7,C,91
6183,710,0,,1,0,0,C,91
6183,711,0,,1,0,0,C,91
6183,712,0,,1,0,0,C,91
6183,713,0,,1,0,0,C,91
6194,710,0,0,2,0,0,C,91
6194,711,0,0,2,0,0,C,91
6194,712,0,0,2,0,0,C,91
6194,713,0,0,2,0,0,C,91
6419,710,0,,1,0,0,D,89
6419,711,0,,1,0,0,D,89
6419,712,0,,1,0,0,D,89
6419,713,0,,1,0,0,D,89
6419,715,0,,1,0,0,,89
6419,716,0,,1,0,0,,89
6468,710,0,,1,0,0,D,89
6468,711,0,,1,0,0,D,89
6468,712,0,,1,0,0,D,89
6468,713,0,,1,0,0,D,89
6468,715,0,,1,0,0,,89
6468,716,0,,1,0,0,,89
6971,710,0.1,,1,0.1,0.1,C,91
6971,711,0,,1,0,0,C,91
6971,712,0,,1,0,0,C,91
6971,713,0.2,,1,0.2,0.2,C,91
6982,710,0.73,0.53,3,0.4,1.4,C,91
6982,711,0.43,0.53,3,0.1,1.1,C,91
6982,712,0.07,0.11,3,0,0.2,C,91
6982,713,1.23,1.16,3,0.5,2.7,C,91
6983,710,0,,1,0,0,C,91
6983,711,0.3,,1,0.3,0.3,C,91
6983,712,0,,1,0,0,C,91
6983,713,0.4,,1,0.4,0.4,C,91
7022,710,1,,1,1,1,C,91
7022,711,0.8,,1,0.8,0.8,C,91
7022,712,0.1,,1,0.1,0.1,C,91
7022,713,1.9,,1,1.9,1.9,C,91
7023,710,0.05,0.07,2,0,0.1,C,"89,91"
7023,711,0.05,0.07,2,0,0.1,C,"89,91"
7023,712,0,0,2,0,0,C,"89,91"
7023,713,0.15,0.21,2,0,0.3,C,"89,91"
7023,715,0,,1,0,0,,89
7023,716,0,,1,0,0,,89
7029,710,0,,1,0,0,D,89
7029,711,0,,1,0,0,D,89
7029,712,0,,1,0,0,D,89
7029,713,0,,1,0,0,D,89
7029,715,0,,1,0,0,,89
7029,716,0,,1,0,0,,89
7075,710,0.25,0.07,2,0.2,0.3,C,91
7075,711,0.4,0.14,2,0.3,0.5,C,91
7075,712,0,0,2,0,0,C,91
7075,713,0.7,0.14,2,0.6,0.8,C,91
7083,710,0,,1,0,0,C,91
7083,711,0,,1,0,0,C,91
7083,712,0,,1,0,0,C,91
7083,713,0,,1,0,0,C,91
7905,710,0,,1,0,0,C,91
7905,711,0,,1,0,0,C,91
7905,712,0,,1,0,0,C,91
7905,713,0.1,,1,0.1,0.1,C,91
7956,710,0,,1,0,0,D,89
7956,711,0,,1,0,0,D,89
7956,712,0,,1,0,0,D,89
7956,713,0,,1,0,0,D,89
7956,715,0,,1,0,0,,89
7956,716,0,,1,0,0,,89
8001,710,0,,1,0,0,B,49
8001,711,0,,1,0,0,B,49
8001,713,0,,1,0,0,B,49
8013,710,0,,1,0,0,D,89
8013,711,0,,1,0,0,D,89
8013,712,0,,1,0,0,D,89
8013,713,0,,1,0,0,D,89
8013,715,0,,1,0,0,,89
8013,716,0,,1,0,0,,89
8020,710,0,,1,0,0,B,49
8020,711,0,,1,0,0,B,49
8020,713,0,,1,0,0,B,49
8060,715,0,,1,0,0,,89
8060,716,0,,1,0,0,,89
8065,710,0,,1,0,0,B,49
8065,711,0,,1,0,0,B,49
8065,713,0,,1,0,0,B,49
8067,710,0,,1,0,0,B,49
8067,711,0,,1,0,0,B,49
8067,713,0,,1,0,0,B,49
8090,710,0,,1,0,0,D,31
8090,711,0,,1,0,0,D,31
8090,713,0,,1,0,0,D,31
8102,710,0,,1,0,0,D,31
8102,711,0,,1,0,0,D,31
8102,713,0,,1,0,0,D,31
8234,715,0,,1,0,0,,89
8234,716,0,,1,0,0,,89
8385,710,41.9,,1,41.9,41.9,C,91
8385,711,41.9,,1,41.9,41.9,C,91
8385,712,10.2,,1,10.2,10.2,C,91
8385,713,93.9,,1,93.9,93.9,C,91
8390,710,0,,1,0,0,C,91
8390,711,0,,1,0,0,C,91
8390,712,0,,1,0,0,C,91
8390,713,0,,1,0,0,C,91
8393,710,8.4,,1,8.4,8.4,C,91
8393,711,7.7,,1,7.7,7.7,C,91
8393,712,1.4,,1,1.4,1.4,C,91
8393,713,17.4,,1,17.4,17.4,C,91
9003,710,0,0,5,0,0,B,"31,51,89"
9003,711,0,0,5,0,0,B,"31,51,89"
9003,712,0,,1,0,0,C,89
9003,713,0,0,5,0,0,B,"31,51,89"
9003,715,0,,1,0,0,,89
9003,716,0,,1,0,0,,89
9004,710,0,0,3,0,0,B,51
9004,711,0,0,3,0,0,B,51
9004,713,0,0,3,0,0,B,51
9005,710,0,,1,0,0,B,51
9005,711,0,,1,0,0,B,51
9005,713,0,,1,0,0,B,51
9016,710,0,,1,0,0,D,31
9016,711,0,,1,0,0,D,31
9016,713,0,,1,0,0,D,31
9021,710,0,0,2,0,0,C,"31,51"
9021,711,0,0,2,0,0,C,"31,51"
9021,713,0,0,2,0,0,C,"31,51"
9024,710,0,,1,0,0,B,51
9024,711,0,,1,0,0,B,51
9024,713,0,,1,0,0,B,51
9032,710,0,0.01,3,0,0.01,C,"31,51,89"
9032,711,0.01,0.01,3,0,0.02,C,"31,51,89"
9032,712,0,,1,0,0,C,89
9032,713,0.02,0.02,3,0,0.03,C,"31,51,89"
9032,714,0.05,,1,0.05,0.05,,31
9032,715,0.01,0.01,2,0,0.01,,"31, 89"
9032,716,0,0,2,0,0,,"31, 89"
9037,710,0,0,2,0,0,C,"31,51"
9037,711,0,0,2,0,0,C,"31,51"
9037,713,0,0,2,0,0,C,"31,51"
9040,710,0,0,3,0,0,C,"31,51,89"
9040,711,0,0,3,0,0,C,"31,51,89"
9040,712,0,,1,0,0,C,89
9040,713,0,0,3,0,0,C,"31,51,89"
9040,715,0,,1,0,0,,89
9040,716,0,,1,0,0,,89
9042,710,0,,1,0,0,C,56
9042,711,0,,1,0,0,C,56
9042,713,0,,1,0,0,C,56
9050,710,0,0,2,0,0,C,"56,89"
9050,711,0,0,2,0,0,C,"56,89"
9050,712,0,,1,0,0,C,89
9050,713,0,0,2,0,0,C,"56,89"
9050,715,0,,1,0,0,,89
9050,716,0,,1,0,0,,89
9070,710,0,,1,0,0,B,51
9070,711,0,,1,0,0,B,51
9070,713,0,,1,0,0,B,51
9078,710,0,0,2,0,0,C,"51,56"
9078,711,0,0,2,0,0,C,"51,56"
9078,713,0,0,2,0,0,C,"51,56"
9083,710,0.02,0.03,3,0,0.05,B,"51,56,89"
9083,711,0.06,0.1,3,0,0.18,B,"51,56,89"
9083,712,0,,1,0,0,C,89
9083,713,0.07,0.13,3,0,0.22,B,"51,56,89"
9083,715,0,,1,0,0,,89
9083,716,0,,1,0,0,,89
9087,710,0,0,2,0,0,C,"51,89"
9087,711,0.01,0.01,2,0,0.01,C,"51,89"
9087,712,0,,1,0,0,C,89
9087,713,0.01,0.01,2,0,0.01,C,"51,89"
9087,715,0,,1,0,0,,89
9087,716,0,,1,0,0,,89
9089,710,0,,1,0,0,B,51
9089,711,0,,1,0,0,B,51
9089,713,0,,1,0,0,B,51
9094,710,0,,1,0,0,B,51
9094,711,0,,1,0,0,B,51
9094,713,0.01,,1,0.01,0.01,B,51
9099,710,0,,1,0,0,B,51
9099,711,0,,1,0,0,B,51
9099,713,0,,1,0,0,B,51
9107,710,0,,1,0,0,B,51
9107,711,0,,1,0,0,B,51
9107,713,0,,1,0,0,B,51
9112,710,0,,1,0,0,D,89
9112,711,0,,1,0,0,D,89
9112,712,0,,1,0,0,D,89
9112,713,0,,1,0,0,D,89
9112,715,0,,1,0,0,,89
9112,716,0,,1,0,0,,89
9116,710,0.04,,1,0.04,0.04,D,31
9116,711,0.03,,1,0.03,0.03,D,31
9116,713,0.06,,1,0.06,0.06,D,31
9116,714,0.05,,1,0.05,0.05,,31
9116,715,0.05,,1,0.05,0.05,,31
9116,716,0.05,,1,0.05,0.05,,31
9120,710,0,,1,0,0,B,51
9120,711,0,,1,0,0,B,51
9120,713,0,,1,0,0,B,51
9123,710,0,,1,0,0,D,31
9123,711,0,,1,0,0,D,31
9123,713,0,,1,0,0,D,31
9148,710,0,,1,0,0,B,51
9148,711,0,,1,0,0,B,51
9148,713,0,,1,0,0,B,51
9152,710,0,,1,0,0,B,51
9152,711,0,,1,0,0,B,51
9152,713,0,,1,0,0,B,51
9176,710,0,0,2,0,0,C,"31,51"
9176,711,0,0,2,0,0,C,"31,51"
9176,713,0.01,0.01,2,0,0.01,C,"31,51"
9181,710,0,0,3,0,0,C,"31,51,89"
9181,711,0,0,3,0,0,C,"31,51,89"
9181,712,0,,1,0,0,C,89
9181,713,0,0,3,0,0,C,"31,51,89"
9181,715,0,,1,0,0,,89
9181,716,0,,1,0,0,,89
9184,710,0,,1,0,0,B,51
9184,711,0,,1,0,0,B,51
9184,713,0,,1,0,0,B,51
9191,710,0,,1,0,0,B,51
9191,711,0,,1,0,0,B,51
9191,713,0,,1,0,0,B,51
9194,710,0,0,2,0,0,C,"51,89"
9194,711,0,0,2,0,0,C,"51,89"
9194,712,0,,1,0,0,C,89
9194,713,0.01,0.01,2,0,0.01,C,"51,89"
9194,715,0,,1,0,0,,89
9194,716,0,,1,0,0,,89
9200,710,0,0,2,0,0,C,"31,51"
9200,711,0,0,2,0,0,C,"31,51"
9200,713,0,0,2,0,0,C,"31,51"
9202,710,0,,1,0,0,D,89
9202,711,0,,1,0,0,D,89
9202,712,0,,1,0,0,D,89
9202,713,0,,1,0,0,D,89
9202,715,0,,1,0,0,,89
9202,716,0,,1,0,0,,89
9209,710,0.01,0.01,3,0,0.02,C,"31,51,89"
9209,711,0.01,0.01,3,0,0.02,C,"31,51,89"
9209,712,0,,1,0,0,C,89
9209,713,0.01,0.02,3,0,0.04,C,"31,51,89"
9209,714,0.05,,1,0.05,0.05,,31
9209,715,0.03,0.04,2,0,0.05,,"31,89"
9209,716,0.03,0.04,2,0,0.05,,"31,89"
9218,710,0,,1,0,0,B,51
9218,711,0,,1,0,0,B,51
9218,713,0,,1,0,0,B,51
9219,710,0,,1,0,0,B,51
9219,711,0,,1,0,0,B,51
9219,713,0,,1,0,0,B,51
9226,710,0,,1,0,0,D,31
9226,711,0,,1,0,0,D,31
9226,713,0,,1,0,0,D,31
9231,710,0.01,,1,0.01,0.01,B,51
9231,711,0.01,,1,0.01,0.01,B,51
9231,713,0.02,,1,0.02,0.02,B,51
9236,710,0,0,3,0,0,C,"31,51,89"
9236,711,0,0,3,0,0,C,"31,51,89"
9236,712,0,,1,0,0,C,89
9236,713,0,0,3,0,0,C,"31,51,89"
9236,714,0,,1,0,0,,31
9236,715,0,0,2,0,0,,"31,89"
9236,716,0,0,2,0,0,,"31,89"
9240,710,0,,1,0,0,B,51
9240,711,0,,1,0,0,B,51
9240,713,0,,1,0,0,B,51
9252,710,0,0,2,0,0,C,"31,51"
9252,711,0,0,2,0,0,C,"31,51"
9252,713,0,0,2,0,0,C,"31,51"
9256,710,0,,1,0,0,B,51
9256,711,0,,1,0,0,B,51
9256,713,0,,1,0,0,B,51
9266,710,0,0,2,0,0,C,"31,51"
9266,711,0,0,2,0,0,C,"31,51"
9266,713,0,0,2,0,0,C,"31,51"
9268,710,0,,1,0,0,B,51
9268,711,0,,1,0,0,B,51
9268,713,0,,1,0,0,B,51
9277,710,0,,1,0,0,B,50
9277,711,0,,1,0,0,B,50
9277,713,0,,1,0,0,B,50
9278,710,0,,1,0,0,B,50
9278,711,0,,1,0,0,B,50
9278,713,0,,1,0,0,B,50
9279,710,0,0,3,0,0,B,"31,51"
9279,711,0,0.01,3,0,0.01,B,"31,51"
9279,713,0,0.01,3,0,0.01,B,"31,51"
9286,710,0,,1,0,0,B,51
9286,711,0,,1,0,0,B,51
9286,713,0,,1,0,0,B,51
9291,710,0,0,3,0,0,C,"31,51,89"
9291,711,0,0.01,3,0,0.01,C,"31,51,89"
9291,712,0,,1,0,0,C,89
9291,713,0,0.01,3,0,0.01,C,"31,51,89"
9291,714,0,,1,0,0,,31
9291,715,0,0,2,0,0,,"31,89"
9291,716,0,0,2,0,0,,"31,89"
9292,710,0,,1,0,0,B,51
9292,711,0.01,,1,0.01,0.01,B,51
9292,713,0.02,,1,0.02,0.02,B,51
9298,710,0.03,0.03,3,0,0.06,C,"31,51,89"
9298,711,0.05,0.06,3,0.01,0.12,C,"31,51,89"
9298,712,0,,1,0,0,C,89
9298,713,0.08,0.09,3,0.01,0.18,C,"31,51,89"
9298,714,0,,1,0,0,,31
9298,715,0,0,2,0,0,,"31,89"
9298,716,0,0,2,0,0,,"31,89"
9302,710,0,0,3,0,0,B,"51,56,89"
9302,711,0,0,3,0,0,B,"51,56,89"
9302,712,0,,1,0,0,C,89
9302,713,0,0.01,3,0,0.01,B,"51,56,89"
9302,715,0,,1,0,0,,89
9302,716,0,,1,0,0,,89
9304,710,0,,1,0,0,B,51
9304,711,0,,1,0,0,B,51
9304,713,0,,1,0,0,B,51
9307,710,0,,1,0,0,B,51
9307,711,0,,1,0,0,B,51
9307,713,0,,1,0,0,B,51
9316,710,0,0,4,0,0,B,"31,51,56,89"
9316,711,0,0,4,0,0,B,"31,51,56,89"
9316,712,0,,1,0,0,C,89
9316,713,0,0.01,4,0,0.01,B,"31,51,56,89"
9316,715,0,,1,0,0,,89
9316,716,0,,1,0,0,,89
9326,710,0,0,3,0,0,C,"31,51,89"
9326,711,0,0,3,0,0,C,"31,51,89"
9326,712,0,,1,0,0,C,89
9326,713,0,0,3,0,0,C,"31,51,89"
9326,715,0,,1,0,0,,89
9326,716,0,,1,0,0,,89
9433,710,0,,1,0,0,B,51
9433,711,0,,1,0,0,B,51
9433,713,0,,1,0,0,B,51
11001,710,0.02,0.05,8,0,0.15,B,"24,31,66,89"
11001,711,0.02,0.04,8,0,0.12,B,"24,31,66,89"
11001,712,0,0,6,0,0,B,"66,89"
11001,713,0.04,0.09,8,0,0.27,B,"24,31,66,89"
11001,714,0.03,0.05,2,0,0.07,,"24,31"
11001,715,1.43,2.14,3,0.02,3.9,,"24,31,89"
11001,716,1.6,2.67,3,0,4.68,,"24,31,89"
11011,710,0.03,0.04,2,0,0.06,C,"31,50"
11011,711,0,0,2,0,0,C,"31,50"
11011,713,0.03,0.04,2,0,0.06,C,"31,50"
11011,714,0,,1,0,0,,31
11011,715,0,,1,0,0,,31
11011,716,0.05,,1,0.05,0.05,,31
11012,710,0,,1,0,0,B,50
11012,711,0,,1,0,0,B,50
11012,713,0,,1,0,0,B,50
11038,710,0,,1,0,0,D,89
11038,711,0,,1,0,0,D,89
11038,712,0,,1,0,0,D,89
11038,713,0,,1,0,0,D,89
11038,715,0,,1,0,0,,89
11038,716,0,,1,0,0,,89
11043,710,0.06,0.12,11,0,0.39,B,"31,50,64,73,89"
11043,711,0.08,0.15,11,0,0.42,B,"31,50,64,73,89"
11043,712,0,0,4,0,0,C,"73,89"
11043,713,0.1,0.24,10,0,0.81,B,"31,64,73,89"
11043,714,0.01,0.03,10,0,0.05,,"31,64,73"
11043,715,0.01,0.01,6,0,0.03,,"24,31,73,89"
11043,716,0.93,1.01,6,0,2,,"24,31,73,89"
11052,710,0.01,0.01,4,0,0.01,B,"24,31,50"
11052,711,0.01,0.01,4,0,0.03,B,"24,31,50"
11052,713,0.02,0.02,4,0,0.04,B,"24,31,50"
11052,714,0.04,0,2,0.04,0.04,,24
11052,715,0.15,0,2,0.15,0.15,,24
11052,716,0,0,2,0,0,,24
11053,710,0.01,0.01,4,0,0.01,B,"24,50,89"
11053,711,0.02,0.02,4,0,0.03,B,"24,50,89"
11053,712,0,,1,0,0,C,89
11053,713,0.03,0.02,4,0,0.04,B,"24,50,89"
11053,714,0.04,0,2,0.04,0.04,,24
11053,715,0.01,0.01,3,0,0.02,,"24,89"
11053,716,0,0,3,0,0,,"24,89"
11060,710,0,,1,0,0,B,50
11060,711,0.01,,1,0.01,0.01,B,50
11060,713,0.02,,1,0.02,0.02,B,50
11061,710,0.01,,1,0.01,0.01,B,50
11061,711,0.02,,1,0.02,0.02,B,50
11061,713,0.03,,1,0.03,0.03,B,50
11080,710,0,,1,0,0,D,31
11080,711,0,,1,0,0,D,31
11080,713,0,,1,0,0,D,31
11081,710,0,,1,0,0,B,50
11081,711,0,,1,0,0,B,50
11081,713,0,,1,0,0,B,50
11088,710,0,0,3,0,0,C,73
11088,711,0,0,3,0,0,C,73
11088,712,0,0,3,0,0,C,73
11088,713,0,0,3,0,0,C,73
11088,714,0,,3,0,0,,73
11088,715,0,,3,0,0,,73
11088,716,0,,3,0,0,,73
11090,710,0,,1,0,0,D,31
11090,711,0,,1,0,0,D,31
11090,713,0,,1,0,0,D,31
11091,710,0,,1,0,0,D,89
11091,711,0,,1,0,0,D,89
11091,712,0,,1,0,0,D,89
11091,713,0,,1,0,0,D,89
11091,715,0,,1,0,0,,89
11091,716,0,,1,0,0,,89
11098,710,0,,1,0,0,B,50
11098,711,0,,1,0,0,B,50
11098,713,0,,1,0,0,B,50
11099,710,0,,1,0,0,B,50
11099,711,0,,1,0,0,B,50
11099,713,0,,1,0,0,B,50
11109,710,0,0,4,0,0,B,"31,50,89"
11109,711,0,0,4,0,0,B,"31,50,89"
11109,712,0,,1,0,0,C,89
11109,713,0,0,4,0,0,B,"31,50,89"
11109,715,0,,1,0,0,,89
11109,716,0,,1,0,0,,89
11110,710,0,0,2,0,0,B,50
11110,711,0,0,2,0,0,B,50
11110,713,0,0,2,0,0,B,50
11112,710,0,,1,0,0,B,50
11112,711,0,,1,0,0,B,50
11113,710,0,,1,0,0,B,50
11113,711,0,,1,0,0,B,50
11113,713,0,,1,0,0,B,50
11114,710,0,,1,0,0,B,50
11114,711,0,,1,0,0,B,50
11114,713,0,,1,0,0,B,50
11115,710,0,,1,0,0,B,50
11115,711,0,,1,0,0,B,50
11115,713,0,,1,0,0,B,50
11116,710,0,,1,0,0,D,31
11116,711,0,,1,0,0,D,31
11116,713,0,,1,0,0,D,31
11124,710,0,0,3,0,0,C,"31,50,89"
11124,711,0,0,3,0,0,C,"31,50,89"
11124,712,0,,1,0,0,C,89
11124,713,0,0,3,0,0,C,"31,50,89"
11124,714,0,,1,0,0,,31
11124,715,0,0,2,0,0,,"31,89"
11124,716,0,0,2,0,0,,"31,89"
11125,710,0,0,2,0,0,C,"50,89"
11125,711,0,0,2,0,0,C,"50,89"
11125,712,0,,1,0,0,C,89
11125,713,0,0,2,0,0,C,"50,89"
11125,715,0,,1,0,0,,89
11125,716,0,,1,0,0,,89
11126,710,0,,1,0,0,B,50
11126,711,0,,1,0,0,B,50
11126,713,0,,1,0,0,B,50
11135,710,0,,1,0,0,B,50
11135,711,0,,1,0,0,B,50
11135,713,0,,1,0,0,B,50
11136,710,0,,1,0,0,B,50
11136,711,0,,1,0,0,B,50
11136,713,0,,1,0,0,B,50
11141,710,0,,1,0,0,B,50
11141,711,0,,1,0,0,B,50
11141,713,0,,1,0,0,B,50
11142,710,0,,1,0,0,B,50
11142,711,0,,1,0,0,B,50
11142,713,0,,1,0,0,B,50
11143,710,0,,1,0,0,B,50
11143,711,0,,1,0,0,B,50
11143,713,0,,1,0,0,B,50
11144,710,0,,1,0,0,B,50
11144,711,0,,1,0,0,B,50
11144,713,0,,1,0,0,B,50
11152,710,0,,1,0,0,B,50
11152,711,0,,1,0,0,B,50
11152,713,0,,1,0,0,B,50
11161,710,0,,1,0,0,D,31
11161,711,0,,1,0,0,D,31
11161,713,0,,1,0,0,D,31
11162,710,0,,1,0,0,D,89
11162,711,0,,1,0,0,D,89
11162,712,0,,1,0,0,D,89
11162,713,0,,1,0,0,D,89
11162,715,0,,1,0,0,,89
11162,716,0,,1,0,0,,89
11167,710,0,0,2,0,0,C,"31,50"
11167,711,0,0,2,0,0,C,"31,50"
11167,713,0,0,2,0,0,C,"31,50"
11168,710,0,0,2,0,0,C,"50,89"
11168,711,0,0,2,0,0,C,"50,89"
11168,712,0,,1,0,0,C,89
11168,713,0.01,0.01,2,0,0.01,C,"50,89"
11168,715,0,,1,0,0,,89
11168,716,0,,1,0,0,,89
11203,710,0,,1,0,0,B,50
11203,711,0,,1,0,0,B,50
11203,713,0,,1,0,0,B,50
11205,710,0,,1,0,0,B,50
11205,711,0,,1,0,0,B,50
11205,713,0,,1,0,0,B,50
11206,710,0,0,2,0,0,C,"31,50"
11206,711,0,0,2,0,0,C,"31,50"
11206,713,0,0,2,0,0,C,"31,50"
11209,710,0,,1,0,0,B,50
11209,711,0,,1,0,0,B,50
11209,713,0,,1,0,0,B,50
11210,710,0,,1,0,0,B,50
11210,711,0,,1,0,0,B,50
11210,713,0,,1,0,0,B,50
11215,710,0.01,0.01,2,0,0.01,C,"31,89"
11215,711,0.02,0.01,2,0.01,0.02,C,"31,89"
11215,712,0,,1,0,0,C,89
11215,713,0.02,0,2,0.02,0.02,C,"31,89"
11215,714,0.05,,1,0.05,0.05,,31
11215,715,0,0,2,0,0,,"31,89"
11215,716,0,0,2,0,0,,"31,89"
11233,710,0,,1,0,0,D,31
11233,711,0,,1,0,0,D,31
11233,713,0,,1,0,0,D,31
11246,710,0,,1,0,0,B,50
11246,711,0,,1,0,0,B,50
11246,713,0,,1,0,0,B,50
11247,710,0,,1,0,0,B,50
11247,711,0,,1,0,0,B,50
11247,713,0,,1,0,0,B,50
11251,710,0,,1,0,0,D,89
11251,711,0,,1,0,0,D,89
11251,712,0,,1,0,0,D,89
11251,713,0,,1,0,0,D,89
11251,715,0,,1,0,0,,89
11251,716,0,,1,0,0,,89
11252,710,0,0,3,0,0,B,"31,50"
11252,711,0,0,3,0,0,B,"31,50"
11252,713,0,0,3,0,0,B,"31,50"
11260,710,0,0,2,0,0,C,"31,50"
11260,711,0,0,2,0,0,C,"31,50"
11260,713,0,0,2,0,0,C,"31,50"
11261,710,0,,1,0,0,B,50
11261,711,0,,1,0,0,B,50
11261,713,0,,1,0,0,B,50
11278,710,0,0,2,0,0,C,"31,50"
11278,711,0,0,2,0,0,C,"31,50"
11278,713,0.01,0.01,2,0,0.01,C,"31,50"
11282,710,0,0,2,0,0,C,"31,50"
11282,711,0,0,2,0,0,C,"31,50"
11282,713,0,0,2,0,0,C,"31,50"
11283,710,0,0,2,0,0,C,"50,89"
11283,711,0,0,2,0,0,C,"50,89"
11283,712,0,,1,0,0,C,89
11283,713,0,0,2,0,0,C,"50,89"
11283,715,0,,1,0,0,,89
11283,716,0,,1,0,0,,89
11292,710,0,,1,0,0,B,50
11292,711,0,,1,0,0,B,50
11292,713,0,,1,0,0,B,50
11298,710,0,,1,0,0,B,50
11298,711,0,,1,0,0,B,50
11298,713,0,,1,0,0,B,50
11299,710,0,,1,0,0,B,50
11299,711,0,,1,0,0,B,50
11299,713,0,,1,0,0,B,50
11300,710,0,0,3,0,0,C,73
11300,711,0,0,3,0,0,C,73
11300,712,0,0,3,0,0,C,73
11300,713,0,0,3,0,0,C,73
11300,714,0,,3,0,0,,73
11300,715,0,,3,0,0,,73
11300,716,0,,3,0,0,,73
11304,710,0,0,7,0,0,B,"50,73"
11304,711,0,0,7,0,0.01,B,"50,73"
11304,712,0,0,6,0,0,B,73
11304,713,0,0,7,0,0.01,B,"50,73"
11304,714,0,0,6,0,0,,73
11304,715,0,0,6,0,0,,73
11304,716,0,0,6,0,0,,73
11305,710,0,,1,0,0,B,50
11305,711,0,,1,0,0,B,50
11305,713,0,,1,0,0,B,50
11306,710,0,,1,0,0,B,50
11306,711,0,,1,0,0,B,50
11306,713,0,,1,0,0,B,50
11312,710,0,,1,0,0,B,50
11312,711,0.01,,1,0.01,0.01,B,50
11312,713,0.01,,1,0.01,0.01,B,50
11313,710,0,,1,0,0,B,50
11313,711,0,,1,0,0,B,50
11313,713,0,,1,0,0,B,50
11333,710,0,0,2,0,0,C,"31,50"
11333,711,0,0,2,0,0,C,"31,50"
11333,713,0,0,2,0,0,C,"31,50"
11352,710,0,0,2,0,0,C,"31,50"
11352,711,0,0,2,0,0,C,"31,50"
11352,713,0,0,2,0,0,C,"31,50"
11355,710,0,,1,0,0,B,50
11355,711,0,,1,0,0,B,50
11355,713,0,,1,0,0,B,50
11358,710,0,,1,0,0,B,50
11358,711,0,,1,0,0,B,50
11360,710,0,0,2,0,0,C,"31,89"
11360,711,0,0,2,0,0,C,"31,89"
11360,712,0,,1,0,0,C,89
11360,713,0,0,2,0,0,C,"31,89"
11360,715,0,,1,0,0,,89
11360,716,0,,1,0,0,,89
11365,710,0,,1,0,0,B,50
11365,711,0,,1,0,0,B,50
11365,713,0,,1,0,0,B,50
11367,710,0,,1,0,0,D,89
11367,711,0,,1,0,0,D,89
11367,712,0,,1,0,0,D,89
11367,713,0,,1,0,0,D,89
11367,715,0,,1,0,0,,89
11367,716,0,,1,0,0,,89
11422,710,0,,1,0,0,B,50
11422,711,0,,1,0,0,B,50
11422,713,0,,1,0,0,B,50
11423,710,0,,1,0,0,D,89
11423,711,0,,1,0,0,D,89
11423,712,0,,1,0,0,D,89
11423,713,0,,1,0,0,D,89
11423,715,0,,1,0,0,,89
11423,716,0,,1,0,0,,89
11429,710,0,,1,0,0,B,50
11429,711,0,,1,0,0,B,50
11429,713,0,,1,0,0,B,50
11435,710,0,,1,0,0,B,50
11435,711,0,,1,0,0,B,50
11435,713,0,,1,0,0,B,50
11436,710,0,,1,0,0,B,50
11436,711,0,,1,0,0,B,50
11436,713,0,,1,0,0,B,50
11450,710,20.34,12.8,35,0.01,54.9,B,"2,24,34,68,73,87,100"
11450,711,22.57,16.92,35,0.04,62.07,B,"2,24,34,68,73,87,100"
11450,712,7.57,4.7,28,0,22.6,B,"2,68,73,87,100"
11450,713,48.95,30.32,35,0.05,120.94,B,"2,24,34,68,73,87,100"
11450,714,0,0,8,0,0,,"2,24,73"
11450,715,0,0,8,0,0,,"2,24,73"
11450,716,0,0,8,0,0,,"2,24,73"
11451,710,7.41,0.34,4,6.85,7.6,C,"22,24"
11451,711,7.06,0.07,4,6.94,7.1,C,"22,24"
11451,712,4.6,0,3,4.6,4.6,C,22
11451,713,17.92,2.51,4,13.79,19.3,C,"22,24"
11451,714,0,,1,0,0,,24
11451,715,0,,1,0,0,,24
11451,716,0,,1,0,0,,24
11452,710,12.86,8.05,63,0,47.65,B,"9,23,31,52,64,73,78,89,97"
11452,711,18.77,11.22,63,0,60.03,B,"9,23,31,52,64,73,78,89,97"
11452,712,2.88,1.59,49,0,8.41,B,"52,73,89"
11452,713,34.39,19.81,62,0,107.12,B,"9,23,31,52,64,73,89,97"
11452,714,0,0,12,0,0,,"31,64,73"
11452,715,0.03,0.08,10,0,0.19,,"31,73,89,97"
11452,716,0.34,0.35,10,0,0.92,,"31,73,89,97"
11453,710,5,0,2,5,5,C,22
11453,711,6.7,0,2,6.7,6.7,C,22
11453,712,0.8,0,2,0.8,0.8,C,22
11453,713,12.5,0,2,12.5,12.5,C,22
11457,710,0,0,3,0,0,C,"31,50,89"
11457,711,0,0,3,0,0,C,"31,50,89"
11457,712,0,,1,0,0,C,89
11457,713,0,0,3,0,0,C,"31,50,89"
11457,715,0,,1,0,0,,89
11457,716,0,,1,0,0,,89
11458,710,0,0,2,0,0,C,"50,89"
11458,711,0,0,2,0,0,C,"50,89"
11458,712,0,,1,0,0,C,89
11458,713,0,0,2,0,0,C,"50,89"
11458,715,0,,1,0,0,,89
11458,716,0,,1,0,0,,89
11468,715,0,,1,0,0,,89
11468,716,0,,1,0,0,,89
11477,710,0,0,2,0,0,B,50
11477,711,0,0,2,0,0,B,50
11477,713,0,0,2,0,0,B,50
11478,710,0,0,2,0,0,B,50
11478,711,0,0,2,0,0,B,50
11478,713,0,0,2,0,0,B,50
11486,710,0,,1,0,0,D,89
11486,711,0,,1,0,0,D,89
11486,712,0,,1,0,0,D,89
11486,713,0,,1,0,0,D,89
11507,710,0,0,2,0,0,C,"31,50"
11507,711,0.01,0.01,2,0,0.02,C,"31,50"
11507,713,0.01,0.01,2,0,0.02,C,"31,50"
11507,714,0,,1,0,0,,31
11507,715,0,,1,0,0,,31
11507,716,0,,1,0,0,,31
11510,710,0,0,2,0,0,C,"50,89"
11510,711,0,0,2,0,0,C,"50,89"
11510,712,0,,1,0,0,C,89
11510,713,0,0,2,0,0,C,"50,89,"
11510,715,0,,1,0,0,,89
11510,716,0,,1,0,0,,89
11529,710,0,0,3,0,0,C,"31,50,89"
11529,711,0,0,3,0,0,C,"31,50,89"
11529,712,0,,1,0,0,C,89
11529,713,0,0,3,0,0,C,"31,50,89"
11529,715,0,,1,0,0,,89
11529,716,0,,1,0,0,,89
11564,710,0,0,2,0,0,C,"31,50"
11564,711,0,0,2,0,0,C,"31,50"
11564,713,0,0,2,0,0,C,"31,50"
11565,710,0,,1,0,0,B,50
11565,711,0,,1,0,0,B,50
11565,713,0,,1,0,0,B,50
11578,710,0,,1,0,0,D,89
11578,711,0.01,,1,0.01,0.01,D,89
11578,712,0,,1,0,0,D,89
11578,713,0.01,,1,0.01,0.01,D,89
11578,715,0,,1,0,0,,89
11578,716,0,,1,0,0,,89
11591,710,0,,1,0,0,B,50
11591,711,0,,1,0,0,B,50
11591,713,0,,1,0,0,B,50
11667,715,0,,1,0,0,,89
11667,716,0,,1,0,0,,89
11670,710,0,,1,0,0,D,31
11670,711,0,,1,0,0,D,31
11670,713,0,,1,0,0,D,31
11697,710,0,,1,0,0,B,49
11697,711,0,,1,0,0,B,49
11697,713,0.01,,1,0.01,0.01,B,49
11935,710,0,,1,0,0,D,31
11935,711,0,,1,0,0,D,31
11935,713,0,,1,0,0,D,31
11957,710,0,,1,0,0,B,50
11957,711,0,,1,0,0,B,50
11957,713,0,,1,0,0,B,50
11963,710,0,,1,0,0,D,31
11963,711,0,,1,0,0,D,31
11963,713,0,,1,0,0,D,31
12023,710,0,0,2,0,0,C,"51,89"
12023,711,0,0,2,0,0,C,"51,89"
12023,712,0,,1,0,0,C,89
12023,713,0.01,0,2,0.01,0.01,C,"51,89"
12023,715,0,,1,0,0,,89
12023,716,0,,1,0,0,,89
12036,710,0,0,3,0,0,C,59
12036,711,0,0,3,0,0,C,59
12036,713,0,0,3,0,0,C,59
12036,714,0.01,,3,0.01,0.01,,59
12036,715,0.03,,3,0.03,0.03,,59
12036,716,0.01,,3,0.01,0.01,,59
12038,710,0,0,3,0,0,C,"31,51,89"
12038,711,0,0,3,0,0,C,"31,51,89"
12038,712,0,,1,0,0,C,89
12038,713,0,0,3,0,0,C,"31,51,89"
12038,714,0,,1,0,0,,31
12038,715,0,0,2,0,0,,31.89
12038,716,0,0,2,0,0,,31.89
12061,710,0,0,2,0,0,C,"51,89"
12061,711,0.01,0.01,2,0,0.01,C,"51,89"
12061,712,0,,1,0,0,C,89
12061,713,0.01,0.01,2,0,0.02,C,"51,89"
12061,715,0,,1,0,0,,89
12061,716,0.02,,1,0.02,0.02,,89
12078,710,0,,1,0,0,B,51
12078,711,0,,1,0,0,B,51
12078,713,0,,1,0,0,B,51
12087,710,0,,1,0,0,D,89
12087,711,0.01,,1,0.01,0.01,D,89
12087,712,0,,1,0,0,D,89
12087,713,0.01,,1,0.01,0.01,D,89
12087,715,0.01,,1,0.01,0.01,,89
12087,716,0,,1,0,0,,89
12097,710,0,,1,0,0,B,51
12097,711,0,,1,0,0,B,51
12097,713,0.01,,1,0.01,0.01,B,51
12101,710,0,0,2,0,0,C,"51,89"
12101,711,0.01,0.01,2,0,0.02,C,"51,89"
12101,712,0,,1,0,0,C,89
12101,713,0.01,0.01,2,0,0.02,C,"51,89"
12101,715,0,,1,0,0,,89
12101,716,0,,1,0,0,,89
12104,710,0.01,,1,0.01,0.01,B,51
12104,711,0.01,,1,0.01,0.01,B,51
12104,713,0.02,,1,0.02,0.02,B,51
12108,710,0,,1,0,0,B,51
12108,711,0,,1,0,0,B,51
12108,713,0,,1,0,0,B,51
12120,710,0.01,0.01,2,0,0.01,C,"51,89"
12120,711,0.02,0,2,0.02,0.02,C,"51,89"
12120,712,0,,1,0,0,C,89
12120,713,0.03,0.01,2,0.02,0.03,C,"51,89"
12120,715,0,,1,0,0,,89
12120,716,0,,1,0,0,,89
12142,710,0,,1,0,0,D,89
12142,711,0,,1,0,0,D,89
12142,712,0,,1,0,0,D,89
12142,713,0,,1,0,0,D,89
12142,715,0,,1,0,0,,89
12142,716,0,,1,0,0,,89
12151,710,1.88,2.55,2,0.07,3.68,C,"29,89"
12151,711,1.75,2.33,2,0.1,3.4,C,"29,89"
12151,712,0,,1,0,0,C,89
12151,713,3.63,4.88,2,0.18,7.08,C,"29,89"
12151,715,0,,1,0,0,,89
12151,716,0.01,,1,0.01,0.01,,89
12155,710,0.02,0.03,2,0,0.04,C,"51,89"
12155,711,0.01,0.01,2,0,0.02,C,"51,89"
12155,712,0,,1,0,0,C,89
12155,713,0.03,0.04,2,0,0.05,C,"51,89"
12155,715,0,,1,0,0,,89
12155,716,0,,1,0,0,,89
12220,710,0.02,0.03,4,0,0.06,C,"59,89"
12220,711,0.04,0.08,4,0,0.17,C,"59,89"
12220,712,0.06,,1,0.06,0.06,C,89
12220,713,0.07,0.13,4,0,0.29,C,"59,89"
12220,714,0,,3,0,0,,59
12220,715,0.02,0.02,4,0,0.03,,"59,89"
12220,716,0.02,0.03,4,0,0.05,,"59,89"
14003,710,0,,1,0,0,D,31
14003,711,0,,1,0,0,D,31
14003,713,0,,1,0,0,D,31
14006,710,0,,1,0,0,C,89
14006,711,0,,1,0,0,C,89
14006,712,0,,1,0,0,C,89
14006,713,0,,1,0,0,C,89
14006,715,0,,1,0,0,,89
14006,716,0,,1,0,0,,89
14106,710,0,,1,0,0,C,89
14106,711,0,,1,0,0,C,89
14106,712,0,,1,0,0,C,89
14106,713,0,,1,0,0,C,89
14106,715,0,,1,0,0,,89
14106,716,0,,1,0,0,,89
14201,710,0,,1,0,0,D,89
14201,711,0,,1,0,0,D,89
14201,712,0,,1,0,0,D,89
14201,713,0,,1,0,0,D,89
14201,715,0,,1,0,0,,89
14201,716,0,,1,0,0,,89
14209,710,0.03,0.04,2,0,0.05,C,"31,89"
14209,711,0.01,0.01,2,0,0.02,C,"31,89"
14209,712,0,,1,0,0,C,89
14209,713,0.04,0.05,2,0,0.07,C,"31,89"
14209,714,0,,1,0,0,,31
14209,715,0,0,2,0,0,,"31,89"
14209,716,0.03,0.04,2,0,0.05,,"31,89"
14242,710,0,,1,0,0,C,89
14242,711,0,,1,0,0,C,89
14242,712,0,,1,0,0,C,89
14242,713,0,,1,0,0,C,89
14242,715,0,,1,0,0,,89
14242,716,0,,1,0,0,,89
14355,710,0,0,2,0,0,C,"31,89"
14355,711,0,0,2,0,0,C,"31,89"
14355,712,0,,1,0,0,C,89
14355,713,0,0,2,0,0,C,"31,89"
14355,715,0,,1,0,0,,89
14355,716,0,,1,0,0,,89
14602,710,0,,1,0,0,C,89
14602,711,0,,1,0,0,C,89
14602,712,0,,1,0,0,C,89
14602,713,0,,1,0,0,C,89
14602,715,0.01,,1,0.01,0.01,,89
14602,716,0,,1,0,0,,89
15138,710,0.05,0.07,2,0,0.1,C,91
15138,711,0.05,0.07,2,0,0.1,C,91
15138,712,0,0,2,0,0,C,91
15138,713,0.1,0.14,2,0,0.2,C,91
15184,710,0.04,0.07,8,0,0.2,B,"89,91"
15184,711,0.05,0.11,8,0,0.3,B,"89,91"
15184,712,0,0,8,0,0,B,"89,91"
15184,713,0.09,0.17,8,0,0.5,B,"89,91"
15184,715,0,,1,0,0,,89
15184,716,0,,1,0,0,,89
15185,710,0.12,0.24,6,0,0.6,C,91
15185,711,0.15,0.37,6,0,0.9,C,91
15185,712,0.02,0.04,6,0,0.1,C,91
15185,713,0.28,0.65,6,0,1.6,C,91
16001,710,0.36,0.16,9,0,0.57,B,"61,73"
16001,711,0.23,0.1,9,0,0.36,B,"61,73"
16001,712,0,0,6,0,0,C,73
16001,713,0.59,0.25,9,0,0.91,B,"61,73"
16001,714,0,0,6,0,0,,73
16001,715,0,0,6,0,0,,73
16001,716,0,0,6,0,0,,73
16006,710,0,0,4,0,0,B,"50,89,99"
16006,711,0.01,0.01,4,0,0.01,B,"50,89,99"
16006,712,0,0,2,0,0,C,"89,99"
16006,713,0.01,0.01,4,0,0.01,B,"50,89,99"
16009,715,0,,1,0,0,,89
16009,716,0,,1,0,0,,89
16014,710,0.01,0.01,3,0,0.02,C,"2,24,31"
16014,711,0,0,3,0,0,C,"2,24,31"
16014,712,0,,1,0,0,C,2
16014,713,0.01,0.01,3,0,0.02,C,"2,24,31"
16014,714,0,,1,0,0,,2
16014,715,0,,1,0,0,,2
16014,716,0,,1,0,0,,2
16018,710,0,,1,0,0,D,89
16018,711,0,,1,0,0,D,89
16018,712,0,,1,0,0,D,89
16018,713,0,,1,0,0,D,89
16018,715,0,,1,0,0,,89
16018,716,0,,1,0,0,,89
16019,710,0,,1,0,0,C,2
16019,711,0,,1,0,0,C,2
16019,712,0.01,,1,0.01,0.01,C,2
16019,713,0.01,,1,0.01,0.01,C,2
16019,714,0,,1,0,0,,2
16019,715,0,,1,0,0,,2
16019,716,0,,1,0,0,,2
16024,710,0,0,2,0,0,C,"24,31"
16024,711,0,0,2,0,0,C,"24,31"
16024,713,0,0,2,0,0,C,"24,31"
16024,714,0.6,,1,0.6,0.6,,24
16024,715,0,,1,0,0,,24
16024,716,0,,1,0,0,,24
16027,712,0,0,15,0,0,B,7
16027,714,0.04,0.14,25,0,0.5,,"57,73"
16027,715,0,0,25,0,0.01,,"57,73"
16027,716,0,0,25,0,0.01,,"57,73"
16028,710,0,,1,0,0,C,24
16028,711,0,,1,0,0,C,24
16028,713,0,,1,0,0,C,24
16028,714,0.41,,1,0.41,0.41,,24
16028,715,0,,1,0,0,,24
16028,716,0,,1,0,0,,24
16032,710,0.01,0.01,2,0.01,0.02,B,"50,57"
16032,711,0.01,0.01,2,0,0.02,B,"50,57"
16032,713,0.02,0.02,2,0.01,0.04,B,"50,57"
16032,714,0.01,,3,0.01,0.01,,57
16032,715,0,,3,0,0,,57
16032,716,0,,3,0,0,,57
16033,710,0.01,0.01,2,0,0.01,B,"24,50"
16033,711,0.01,0.01,2,0,0.01,B,"24,50"
16033,713,0.01,0.01,2,0,0.02,B,"24,50"
16034,710,0,,1,0,0,D,89
16034,711,0,,1,0,0,D,89
16034,712,0,,1,0,0,D,89
16034,713,0,,1,0,0,D,89
16034,715,0,,1,0,0,,89
16034,716,0,,1,0,0,,89
16037,710,0.01,0.01,2,0,0.01,C,"24,57"
16037,711,0.2,0.29,2,0,0.41,C,"24,57"
16037,713,0.21,0.3,2,0,0.42,C,"24,57"
16037,714,0.02,0.02,4,0,0.04,,"24,57"
16037,715,0,0,4,0,0,,"24,57"
16037,716,0,0,4,0,0,,"24,57"
16040,710,0,,1,0,0,C,24
16040,711,0,,1,0,0,C,24
16040,713,0,,1,0,0,C,24
16040,714,0,,1,0,0,,24
16040,715,1.05,,1,1.05,1.05,,24
16040,716,0,,1,0,0,,24
16042,710,0.01,0.01,3,0,0.02,C,"24,31,57"
16042,711,0.17,0.3,3,0,0.52,C,"24,31,57"
16042,713,0.18,0.31,3,0,0.54,C,"24,31,57"
16042,714,0.28,0.39,4,0,0.56,,"24,57"
16042,715,0.01,0.01,4,0,0.02,,"24,57"
16042,716,1.81,2.55,4,0,3.61,,"24,57"
16045,710,0,0,2,0,0,C,"24,31"
16045,711,0.37,0.52,2,0,0.74,C,"24,31"
16045,713,0.37,0.52,2,0,0.74,C,"24,31"
16045,714,0,,1,0,0,,24
16045,715,0.82,,1,0.82,0.82,,24
16045,716,0,,1,0,0,,24
16047,710,0.26,0.12,7,0,0.4,C,"2,82"
16047,711,0.17,0.07,7,0,0.2,C,"2,82"
16047,712,0,,1,0,0,C,2
16047,713,0.43,0.19,7,0,0.6,C,"2,82"
16047,714,0,,1,0,0,,2
16047,715,0,,1,0,0,,2
16047,716,0,,1,0,0,,2
16049,710,0,,1,0,0,C,2
16049,711,0.01,,1,0.01,0.01,C,2
16049,712,0.01,,1,0.01,0.01,C,2
16049,713,0.02,,1,0.02,0.02,C,2
16049,714,0.01,,1,0.01,0.01,,2
16049,715,0,,1,0,0,,2
16049,716,0,,1,0,0,,2
16050,710,0.01,,1,0.01,0.01,D,89
16050,711,0.03,,1,0.03,0.03,D,89
16050,712,0,,1,0,0,D,89
16050,713,0.04,,1,0.04,0.04,D,89
16050,715,0,,1,0,0,,89
16050,716,0,,1,0,0,,89
16052,710,0.33,1,10,0,3.27,B,"2,50,57,61,73"
16052,711,0.15,0.52,13,0,1.93,B,"2,25,50,57,61,73"
16052,712,0.28,0.5,4,0,1.1,B,"2,73"
16052,713,0.63,1.93,10,0,6.3,B,"2,50,57,61,73"
16052,714,0.12,0.23,6,0,0.46,,"2,57,73"
16052,715,0.01,0.02,6,0,0.04,,"2,57,73"
16052,716,0,0,6,0,0,,"2,57,73"
16053,710,0,,1,0,0,B,50
16053,711,0,,1,0,0,B,50
16053,713,0,,1,0,0,B,50
16054,710,0,,1,0,0,D,89
16054,711,0,,1,0,0,D,89
16054,712,0,,1,0,0,D,89
16054,713,0,,1,0,0,D,89
16054,715,0,,1,0,0,,89
16054,716,0,,1,0,0,,89
16056,710,0.21,0.2,11,0,0.65,B,"2,24,31,50,57,73,76b"
16056,711,0.06,0.05,10,0,0.14,B,"2,24,31,50,57,73,76b"
16056,712,0.18,0.38,5,0,0.89,B,"2,73,76b"
16056,713,0.38,0.31,10,0,1.06,B,"2,24,31,50,57,73"
16056,714,1.54,1.02,9,0,3.08,,"2,24,31,57,73"
16056,715,0.12,0.13,9,0,0.36,,"2,24,31,57,73"
16056,716,0.01,0.02,9,0,0.05,,"2,24,31,57,73"
16057,710,0,,1,0,0,B,50
16057,711,0.02,,1,0.02,0.02,B,50
16057,713,0.02,,1,0.02,0.02,B,50
16058,710,0,,1,0,0,D,89
16058,711,0,,1,0,0,D,89
16058,712,0,,1,0,0,D,89
16058,713,0,,1,0,0,D,89
16058,715,0,,1,0,0,,89
16058,716,0,,1,0,0,,89
16062,710,0.01,0.01,4,0,0.03,C,"24,31,57"
16062,711,0.02,0.02,4,0,0.03,C,"24,31,57"
16062,713,0.03,0.03,4,0,0.06,C,"24,31,57"
16062,714,0.58,1,3,0,1.73,,"24,57"
16062,715,0,0,3,0,0.01,,"24,57"
16062,716,0.01,0.01,3,0,0.01,,"24,57"
16069,710,0.01,0.02,9,0,0.06,B,"2,24,31,50,57,76b"
16069,711,0.05,0.12,9,0,0.36,B,"2,24,31,50,57,76b"
16069,712,0,0,3,0,0,C,"2,76b"
16069,713,0.06,0.14,8,0,0.42,B,"2,24,31,50,57"
16069,714,0,0.01,4,0,0.01,,"2,57"
16069,715,0,0.01,4,0,0.01,,"2,57"
16069,716,0,0,4,0,0.01,,"2,57"
16070,710,0,0,2,0,0,C,"50,89"
16070,711,0,0,2,0,0,C,"50,89"
16070,712,0,,1,0,0,C,89
16070,713,0.01,0.01,2,0,0.01,C,"50,89"
16070,715,0.01,,1,0.01,0.01,,89
16070,716,0,,1,0,0,,89
16071,712,0,0,21,0,0,B,73
16071,714,0.27,0.26,25,0,0.5,,"24,57,73"
16071,715,0.32,0.31,25,0.01,0.96,,"24,57,73"
16071,716,0.14,0.45,25,0,1.48,,"24,57,73"
16072,710,0.01,0.02,3,0,0.03,B,"24,50"
16072,711,0.03,0.05,3,0,0.08,B,"24,50"
16072,713,0.01,0.01,2,0,0.01,B,"24,50"
16072,714,0,,1,0,0,,24
16072,715,0.01,,1,0.01,0.01,,24
16072,716,0,,1,0,0,,24
16074,710,0,,1,0,0,C,24
16074,711,0,,1,0,0,C,24
16074,713,0,,1,0,0,C,24
16074,714,0.37,,1,0.37,0.37,,24
16074,715,0.55,,1,0.55,0.55,,24
16074,716,0,,1,0,0,,24
16076,710,0.1,,1,0.1,0.1,C,2
16076,711,0.15,,1,0.15,0.15,C,2
16076,712,0,,1,0,0,C,2
16076,713,0.25,,1,0.25,0.25,C,2
16076,714,0,,1,0,0,,2
16076,715,0,,1,0,0,,2
16076,716,0,,1,0,0,,2
16080,710,0,0,13,0,0.01,B,"24,50,57,64,73"
16080,711,0.09,0.09,13,0,0.37,B,"24,50,57,64,73"
16080,712,0,0,3,0,0,B,73
16080,713,0.09,0.1,13,0,0.38,B,"24,50,57,64,73"
16080,714,0,0.01,10,0,0.01,,"24,57,64,73"
16080,715,0.21,0.35,5,0,0.61,,"24,57,73"
16080,716,0,0.01,5,0,0.01,,"24,57,73"
16081,710,0.01,0.01,2,0,0.01,C,"50,89"
16081,711,0.01,0.01,2,0,0.01,C,"50,89"
16081,712,0,,1,0,0,C,89
16081,713,0.01,0.01,2,0,0.02,C,"50,89"
16081,715,0,,1,0,0,,89
16081,716,0,,1,0,0,,89
16083,710,0.01,0.01,7,0,0.02,B,"24,57,73"
16083,711,0.01,0.01,7,0,0.03,B,"24,57,73"
16083,712,0,0,3,0,0,C,73
16083,713,0.02,0.02,7,0,0.05,B,"24,57,73"
16083,714,0.02,0.04,6,0,0.08,,"57,73"
16083,715,0,0,6,0,0,,"57,73"
16083,716,0,0.01,6,0,0.01,,"57,73"
16085,710,0.32,1.5,23,0,7.26,B,"24,31,50,57,61,73,76b"
16085,711,0.11,0.16,23,0,0.8,B,"24,31,50,57,61,73,76b"
16085,712,0,0,10,0,0,B,"73,76b"
16085,713,0.44,1.52,22,0,7.26,B,"24,31,50,57,61,73"
16085,714,0.09,0.27,14,0,0.86,,"2,24,57,73"
16085,715,0,0.01,14,0,0.02,,"2,24,57,73"
16085,716,0.81,2.56,14,0,8.11,,"2,24,57,73"
16086,710,0,0,2,0,0,B,50
16086,711,0.01,0,2,0.01,0.01,B,50
16086,713,0.02,0.01,2,0.01,0.02,B,50
16087,710,0.02,0.01,9,0.01,0.05,B,"51,57"
16087,711,0.24,0.11,9,0.02,0.39,B,"51,57"
16087,713,0.26,0.11,9,0.02,0.39,B,"51,57"
16087,714,0.01,0,6,0,0.01,,57
16087,715,0,0,6,0,0.01,,57
16087,716,0,0,6,0,0.01,,57
16089,710,0,,1,0,0,D,89
16089,711,0,,1,0,0,D,89
16089,712,0,,1,0,0,D,89
16089,713,0.01,,1,0.01,0.01,D,89
16089,715,0,,1,0,0,,89
16089,716,0,,1,0,0,,89
16090,710,0,,1,0,0,B,51
16090,711,0.02,,1,0.02,0.02,B,51
16090,713,0.02,,1,0.02,0.02,B,51
16098,710,0,0,2,0,0,C,"31,51"
16098,711,0.01,0.01,2,0,0.01,C,"31,51"
16098,713,0.01,0.01,2,0,0.01,C,"31,51"
16101,710,0.02,0,3,0.02,0.02,C,57
16101,711,0.54,0,3,0.54,0.54,C,57
16101,713,0.56,0,3,0.56,0.56,C,57
16101,714,0.1,0.11,3,0.01,0.22,,57
16101,715,0.02,0.01,3,0.01,0.03,,57
16101,716,0.01,0.01,3,0,0.01,,57
16104,710,2.2,0.73,5,1,2.8,C,"89,91,95"
16104,711,5.66,1.65,5,2.7,6.9,C,"89,91,95"
16104,712,1.5,1.06,5,0.1,2.4,C,"89,91,95"
16104,713,9.36,3.26,5,4.5,12.1,C,"89,91,95"
16104,715,0,,1,0,0,,89
16104,716,0,,1,0,0,,89
16107,710,4.46,1.52,7,3.6,8,B,"64,66,99"
16107,711,9.23,1.5,7,8.3,12.5,B,"64,66,99"
16107,712,2.3,0.71,2,1.8,2.8,C,"66,99"
16107,713,14.34,4.02,7,11.9,23.3,B,"64,66,99"
16107,714,0,,5,0,0,,64
16108,710,62.9,19.89,951,2.64,191.43,B,"2,4,6,8,11,15,21,22,23,24,26,31,32,34,36,42,44,45,47,50,52,53,57,60,64,73,74,78,88,90,94,95,96,98,99,100"
16108,711,81.35,22.63,951,5.56,276.21,B,"2,4,6,8,11,15,21,22,23,24,26,31,32,34,36,42,44,45,47,50,52,53,57,60,64,73,74,78,88,90,94,95,96,98,99,100"
16108,712,15.29,7.58,717,0,121.69,B,"2,4,6,11,15,22,23,26,32,36,42,44,47,52,53,60,73,74,90,94,95,96,98,99,100"
16108,713,155.76,43.23,950,10.04,440.72,B,"2,4,6,8,11,15,21,22,23,24,26,31,32,34,36,42,44,45,47,50,52,53,57,60,64,73,74,88,90,94,95,96,98,99,100"
16108,714,0,0.01,25,0,0.02,,"2,24,31,57,64,73,88"
16108,715,8.46,14.55,46,0,39.4,,"2,24,31,44,57,73"
16108,716,0.02,0.06,20,0,0.19,,"2,24,31,57,73,88"
16109,710,30.76,10.64,28,9.66,64.9,B,"8,22,24,50,74,89,90"
16109,711,31.26,8.83,28,4.1,54.1,B,"8,22,24,50,74,89,90"
16109,712,3.75,1.53,23,0.85,9.2,B,"22,74,89,90"
16109,713,65.11,19.57,28,22.66,128.2,B,"8,22,24,50,74,89,90"
16109,714,0,,1,0,0,,24
16109,715,0,0,2,0,0.01,,"24,89"
16109,716,0,0,2,0,0,,"24,89"
16111,710,62.14,28.04,16,0.54,97,B,"13,22,23,24,68,74,89,95"
16111,711,75.78,25.18,25,1.1,110.55,B,"13,14,22,23,24,25,68,74,89,95"
16111,712,13.33,8.69,12,0,30.7,B,"22,23,68,74,89,95"
16111,713,148.5,63.12,16,1.66,201.9,B,"13,22,23,24,68,74,89,95"
16111,714,0,,1,0,0,,24
16111,715,0.03,0.04,2,0,0.06,,"24,89"
16111,716,0.02,0.03,2,0,0.04,,"24,89"
16112,710,16.43,7.69,72,1.81,47.12,B,"8,13,22,55,61,66,74,89,90,95,102"
16112,711,23.24,8.37,78,1.45,52.4,B,"8,13,22,25,55,61,66,74,89,90,95,102"
16112,712,3,0.81,41,0.8,5.34,B,"22,66,74,89,90,95"
16112,713,41.45,16.17,72,3.26,99.52,B,"8,13,22,55,61,66,74,89,90,95,102"
16112,715,0.01,,1,0.01,0.01,,89
16112,716,0,,1,0,0,,89
16113,710,33.22,9.48,21,16.02,55.3,B,"9,22,66,68,74,90"
16113,711,37.66,7.85,27,21.52,59.37,B,"9,22,25,66,68,74,90"
16113,712,10.55,3.74,18,3.67,19.8,A,"22,66,68,74,90"
16113,713,82.29,18.6,21,46.4,124.1,B,"9,22,66,68,74,90"
16114,710,22.66,8.99,28,4.67,59.69,B,"13,34,35,65,66,72,75,94,95"
16114,711,36.15,17.64,28,1.11,112.21,B,"13,34,35,65,66,72,75,94,95"
16114,712,3.82,1.45,13,0.9,7.3,B,"65,66,72,94,95"
16114,713,60.61,27.44,28,6.88,179.2,B,"13,34,35,65,66,72,75,94,95"
16115,710,72.92,19.02,60,18.2,130.92,B,"18,23,24,59,67,71,75,77,91,94"
16115,711,98.77,20.21,60,36.8,145.23,B,"18,23,24,59,67,71,75,77,91,94"
16115,712,16.12,4.33,25,4.8,24.83,B,"18,23,67,71,91,94"
16115,713,178.1,37.06,60,59.8,264.84,B,"18,23,24,59,67,71,75,77,91,94"
16115,714,0.02,0.04,5,0,0.07,,"24,59,77"
16115,715,0.01,0.02,5,0,0.03,,"24,59,77"
16115,716,0,0,5,0,0,,"24,59,77"
16116,710,89.46,19.72,6,57,119.2,C,"3,13,62,66"
16116,711,85.12,21.36,6,70.74,126.9,C,"3,13,62,66"
16116,712,16.4,2.83,2,14.4,18.4,C,"3,66"
16116,713,165.04,51.03,6,130,260.5,C,"3,13,62,66"
16117,710,64.55,20.2,49,22.6,149.6,B,"11,13,22,42,49,64,65,76,77,81,83,93,94,95"
16117,711,87.31,21.8,79,40.96,174.9,B,"11,13,14,22,42,49,64,65,76,77,81,83,93,94,95"
16117,712,15.08,11.75,27,2.7,59.3,B,"11,22,42,65,81,83,93,94,95"
16117,713,150.94,41.02,49,73.72,324.4,B,"11,13,22,42,49,64,65,76,77,81,83,93,94,95"
16117,714,0,0,9,0,0,,"64,77"
16117,715,0,,4,0,0,,77
16117,716,0,,4,0,0,,77
16119,710,80.77,9.17,8,57.47,87.45,C,"1,97"
16119,711,114.71,18.42,8,68.35,127.38,C,"1,97"
16119,712,16.12,1.02,7,13.69,16.61,C,1
16119,713,209.58,32.71,8,125.82,225.15,C,"1,97"
16119,715,0,,1,0,0,,97
16119,716,0,,1,0,0,,97
16120,715,0,,1,0,0,,97
16120,716,0.81,2.25,40,0,8,,"34,97"
16121,710,5.78,3.83,21,0.79,21.09,B,"13,67,75"
16121,711,5.26,1.78,21,1.29,10.73,B,"13,67,75"
16121,712,1.57,0,6,1.57,1.57,B,67
16121,713,11.49,5.5,21,2.08,31.82,B,"13,67,75"
16122,710,30.81,12.73,49,7.7,68.89,B,"1,3,11,12,13,19,23,67,84,93,94,95"
16122,711,57.28,14.17,55,27.17,105.1,B,"1,3,11,12,13,14,19,23,67,84,93,94,95"
16122,712,8.54,3.22,42,5.4,26.4,B,"1,3,11,12,19,67,93,94,95"
16122,713,91.05,26,49,46.5,199.25,B,"1,3,11,12,13,19,23,67,84,93,94,95"
16123,710,0.78,0.3,50,0.02,2.3,B,"13,31,34,42,61,66,74,81,89,90,97"
16123,711,0.39,0.22,56,0,1.54,B,"13,25,31,34,42,61,66,74,81,89,90,97"
16123,712,0.14,0.07,39,0,0.45,B,"42,66,74,81,89,90"
16123,713,1.18,0.4,50,0.13,2.8,B,"13,31,34,42,61,66,74,81,89,90,97"
16123,714,0,,1,0,0,,31
16123,715,0,0,3,0,0.01,,"31,89,97"
16123,716,0.02,0.03,3,0,0.05,,"31,89,97"
16125,710,0.1,,1,0.1,0.1,B,66
16125,711,0,,1,0,0,B,66
16125,712,0,,1,0,0,B,66
16125,713,0.1,,1,0.1,0.1,B,66
16126,710,12.31,4.72,105,0.9,48.59,B,"11,16,22,23,31,33,34,39,42,61,64,65,66,74,79,81,90,97,104"
16126,711,16.1,7.7,108,2.22,81.51,B,"11,16,22,23,25,31,33,34,39,42,61,64,65,66,74,79,81,90,97,104"
16126,712,2.75,1.28,70,0.57,12.2,B,"11,22,23,33,42,65,66,74,79,81,90,104"
16126,713,30.41,13.3,105,3.12,142.3,B,"11,16,22,23,31,33,34,39,42,61,64,65,66,74,79,81,90,97,104"
16126,714,0,0,6,0,0,,"31,64"
16126,715,0,0,2,0,0,,"31,97"
16126,716,0.11,0.16,2,0,0.23,,"31,97"
16127,710,9.49,2.19,18,3.44,14,B,"16,22,66,79,97"
16127,711,11.91,3.82,18,5.26,21.59,B,"16,22,66,79,97"
16127,712,1.68,0.53,13,1.03,3,B,"22,66,79"
16127,713,22.61,5.43,18,8.7,32.4,B,"16,22,66,79,97"
16127,715,0,,1,0,0,,97
16127,716,0,,1,0,0,,97
16128,710,29.59,2.58,4,25.34,31,C,"74,97"
16128,711,51.04,5.41,4,42.15,54,C,"74,97"
16128,712,3.44,0,3,3.44,3.44,C,74
16128,713,83.2,9.56,4,67.49,88.44,C,"74,97"
16128,715,0,,1,0,0,,97
16128,716,0,,1,0,0,,97
16129,710,13.8,2.7,39,7.2,24.7,B,"22,23,34,66,74,79,90"
16129,711,18.43,4.67,39,8.3,35.1,B,"22,23,34,66,74,79,90"
16129,712,2.93,1.13,34,0.7,7.57,B,"22,23,66,74,79,90"
16129,713,34.78,7.32,39,16.2,65.1,B,"22,23,34,66,74,79,90"
16130,710,3.62,2.98,7,0.57,10.2,B,"66,74,94"
16130,711,4.47,2.86,7,1.95,11,B,"66,74,94"
16130,712,1.3,0.38,7,1.09,2.2,B,"66,74,94"
16130,713,9.39,6.2,7,3.61,23.4,B,"66,74,94"
16132,710,20.72,9.09,5,3.58,25,C,"22,23,97"
16132,711,23.83,10.54,5,3.96,28.8,C,"22,23,97"
16132,712,4.95,0.04,4,4.9,5,C,"22,23"
16132,713,48.51,21.73,5,7.54,58.8,C,"22,23,97"
16132,715,0,,1,0,0,,97
16132,716,0,,1,0,0,,97
16139,714,0,,1,0,0,,31
16139,715,0,0,2,0,0,,"31,89"
16139,716,0.12,0.16,2,0,0.23,,"31,89"
16144,710,0,,1,,,C,76b
16144,711,0,,1,,,C,76b
16144,712,0,,1,,,C,76b
16147,712,0.55,0.45,25,0,1.7,B,"22,66,81,89,91,99"
16147,714,0,,1,0,0,,31
16147,715,0,0,2,0,0,,"31,89"
16147,716,0,0,2,0,0,,"31,89"
16150,710,1.3,0.93,4,0,2.2,C,"89,91"
16150,711,0.69,0.67,4,0.04,1.6,C,"89,91"
16150,712,0.08,0.05,4,0,0.1,C,"89,91"
16150,713,2.09,1.62,4,0.04,4,C,"89,91"
16150,715,0,,1,0,0,,89
16150,716,0,,1,0,0,,89
16158,710,0,,1,0,0,D,89
16158,711,0.01,,1,0.01,0.01,D,89
16158,712,0,,1,0,0,D,89
16158,713,0.01,,1,0.01,0.01,D,89
16158,715,0,,1,0,0,,89
16158,716,0,,1,0,0,,89
16159,710,8.23,1.24,2,7.35,9.1,B,66
16159,711,12.45,1.91,2,11.1,13.8,B,66
16159,712,1.95,0.35,2,1.7,2.2,B,66
16159,713,22.63,3.5,2,20.15,25.1,B,66
16162,710,12.42,2.36,4,8.55,13.71,B,"13,66"
16162,711,16.95,2.49,4,12.85,18.31,B,"13,66"
16162,712,2.4,,1,2.4,2.4,B,66
16162,713,29.97,3.75,4,23.8,32.02,B,"13,66"
16168,710,3.4,1.41,2,2.4,4.4,C,"22,99"
16168,711,4.15,1.48,2,3.1,5.2,C,"22,99"
16168,712,0.25,0.35,2,0,0.5,C,"22,99"
16168,713,7.8,2.55,2,6,9.6,C,"22,99"
16173,710,4.35,,1,4.35,4.35,B,66
16173,711,9.35,,1,9.35,9.35,B,66
16173,712,0.9,,1,0.9,0.9,B,66
16173,713,14.6,,1,14.6,14.6,B,66
16174,710,13.12,8.68,2,6.98,19.25,C,"66,89"
16174,711,21.14,14.72,2,10.73,31.55,C,"66,89"
16174,712,1.39,1.15,2,0.57,2.2,C,"66,89"
16174,713,35.64,24.55,2,18.28,53,C,"66,89"
16174,715,0,,1,0,0,,89
16174,716,0,,1,0,0,,89
16229,710,1.01,,1,1.01,1.01,C,11
16229,711,1.51,,1,1.51,1.51,C,11
16229,712,0.04,,1,0.04,0.04,C,11
16229,713,2.56,,1,2.56,2.56,C,11
16230,710,0.3,,1,0.3,0.3,C,11
16230,711,0.41,,1,0.41,0.41,C,11
16230,712,0,,1,0,0,C,11
16230,713,0.7,,1,0.7,0.7,C,11
16427,710,8.56,3.32,10,1.15,14.6,B,"13,24,94,95"
16427,711,12.99,4.19,10,2.89,18.66,B,"13,24,94,95"
16427,712,1.98,0.59,6,1.05,2.9,C,"94,95"
16427,713,22.73,7.33,10,5.09,33.7,B,"13,24,94,95"
16427,714,0,,1,0,0,,24
16427,715,0,,1,0,0,,24
16427,716,0,,1,0,0,,24
16513,710,3.45,,1,3.45,3.45,B,66
16513,711,7.9,,1,7.9,7.9,B,66
16513,712,0.85,,1,0.85,0.85,B,66
16513,713,12.2,,1,12.2,12.2,B,66
16546,710,1.18,0,3,1.18,1.18,B,66
16546,711,2.45,0,3,2.45,2.45,B,66
16546,712,0.3,0,3,0.3,0.3,B,66
16546,713,3.93,0,3,3.93,3.93,B,66
16557,710,1.8,,1,1.8,1.8,C,91
16557,711,2.2,,1,2.2,2.2,C,91
16557,712,0.4,,1,0.4,0.4,C,91
16557,713,4.4,,1,4.4,4.4,C,91
18029,710,0,,1,0,0,C,91
18029,711,0,,1,0,0,C,91
18029,712,0,,1,0,0,C,91
18029,713,0,,1,0,0,C,91
18035,710,0.2,0.23,4,0,0.4,C,"89,91"
18035,711,0.15,0.17,4,0,0.3,C,"89,91"
18035,712,0,0,4,0,0,C,"89,91"
18035,713,0.38,0.43,4,0,0.8,C,"89,91"
18035,715,0,,1,0,0,,89
18035,716,0,,1,0,0,,89
18037,710,0,,1,0,0,D,89
18037,711,0,,1,0,0,D,89
18037,712,0,,1,0,0,D,89
18037,713,0,,1,0,0,D,89
18037,715,0,,1,0,0,,89
18037,716,0,,1,0,0,,89
18060,710,0,,1,0,0,D,89
18060,711,0,,1,0,0,D,89
18060,712,0,,1,0,0,D,89
18060,713,0,,1,0,0,D,89
18060,715,0,,1,0,0,,89
18060,716,0,,1,0,0,,89
18064,710,0,0,2,0,0,C,91
18064,711,0,0,2,0,0,C,91
18064,712,0,0,2,0,0,C,91
18064,713,0,0,2,0,0,C,91
18068,710,0.25,,1,0.25,0.25,B,49
18068,711,0.23,,1,0.23,0.23,B,49
18068,713,0.49,,1,0.49,0.49,B,49
18069,710,0.06,0.09,10,0,0.2,B,"42,49,89,91,99"
18069,711,0.13,0.17,10,0,0.5,B,"42,49,89,91,99"
18069,712,0,0,9,0,0,B,"42,89,91,99"
18069,713,0.19,0.25,10,0,0.7,B,"42,49,89,91,99"
18069,715,0,,1,0,0,,89
18069,716,0,,1,0,0,,89
18075,710,0,,1,0,0,D,89
18075,711,0,,1,0,0,D,89
18075,712,0,,1,0,0,D,89
18075,713,0,,1,0,0,D,89
18075,715,0,,1,0,0,,89
18075,716,0,,1,0,0,,89
18079,710,0.4,,1,0.4,0.4,C,91
18079,711,0.3,,1,0.3,0.3,C,91
18079,712,0,,1,0,0,C,91
18079,713,0.7,,1,0.7,0.7,C,91
18081,710,0.2,0.14,2,0.1,0.3,C,91
18081,711,0.2,0,2,0.2,0.2,C,91
18081,712,0,0,2,0,0,C,91
18081,713,0.4,0.14,2,0.3,0.5,C,91
18101,710,0,,1,0,0,D,89
18101,711,0,,1,0,0,D,89
18101,712,0,,1,0,0,D,89
18101,713,0,,1,0,0,D,89
18101,715,0,,1,0,0,,89
18101,716,0,,1,0,0,,89
18127,710,0.13,0.25,4,0,0.5,C,91
18127,711,0.15,0.24,4,0,0.5,C,91
18127,712,0,0,4,0,0,C,91
18127,713,0.28,0.49,4,0,1,C,91
18128,710,0,,1,0,0,C,91
18128,711,0,,1,0,0,C,91
18128,712,0,,1,0,0,C,91
18128,713,0,,1,0,0,C,91
18133,710,0.1,,1,0.1,0.1,C,99
18133,711,0.1,,1,0.1,0.1,C,99
18133,712,0,,1,0,0,C,99
18133,713,0.2,,1,0.2,0.2,C,99
18150,710,0.01,,1,0.01,0.01,B,49
18150,711,0.01,,1,0.01,0.01,B,49
18150,713,0.03,,1,0.03,0.03,B,49
18159,710,0,,1,0,0,D,89
18159,711,0,,1,0,0,D,89
18159,712,0,,1,0,0,D,89
18159,713,0,,1,0,0,D,89
18159,715,0,,1,0,0,,89
18159,716,0,,1,0,0,,89
18216,710,0.01,0,10,0,0.01,B,"49,59"
18216,711,0.01,0,10,0,0.01,B,"49,59"
18216,713,0.01,0.01,10,0,0.02,B,"49,59"
18216,714,0,0,9,0,0.01,,59
18216,715,0,0,9,0,0.01,,59
18216,716,0.01,0,9,0.01,0.01,,59
18217,710,0,,1,0,0,B,49
18217,711,0.01,,1,0.01,0.01,B,49
18217,713,0.01,,1,0.01,0.01,B,49
18248,710,2.58,1.33,7,1.06,4.7,B,"89,91"
18248,711,2.44,1.11,7,1.6,4.4,B,"89,91"
18248,712,0.29,0.17,7,0.04,0.5,B,"89,91"
18248,713,5.31,2.57,7,2.87,9.6,B,"89,91"
18248,715,0,,1,0,0,,89
18248,716,0,,1,0,0,,89
18249,710,1.9,0.28,2,1.7,2.1,C,91
18249,711,1.65,0.21,2,1.5,1.8,C,91
18249,712,0.2,0,2,0.2,0.2,C,91
18249,713,3.7,0.57,2,3.3,4.1,C,91
18250,710,0.5,,1,0.5,0.5,C,91
18250,711,0.5,,1,0.5,0.5,C,91
18250,712,0.1,,1,0.1,0.1,C,91
18250,713,1.1,,1,1.1,1.1,C,91
18255,710,0.3,,1,0.3,0.3,C,91
18255,711,0.2,,1,0.2,0.2,C,91
18255,712,0,,1,0,0,C,91
18255,713,0.6,,1,0.6,0.6,C,91
18290,710,0,,1,0,0,D,89
18290,711,0,,1,0,0,D,89
18290,712,0,,1,0,0,D,89
18290,713,0,,1,0,0,D,89
18290,715,0,,1,0,0,,89
18290,716,0,,1,0,0,,89
18301,710,0,,1,0,0,C,99
18301,711,0,,1,0,0,C,99
18301,712,0,,1,0,0,C,99
18301,713,0,,1,0,0,C,99
18326,710,0,,1,0,0,D,89
18326,711,0,,1,0,0,D,89
18326,712,0,,1,0,0,D,89
18326,713,0,,1,0,0,D,89
18326,715,0,,1,0,0,,89
18326,716,0,,1,0,0,,89
18342,710,0,,1,0,0,C,91
18342,711,0,,1,0,0,C,91
18342,712,0,,1,0,0,C,91
18342,713,0,,1,0,0,C,91
18356,710,0.7,0.14,2,0.6,0.8,C,91
18356,711,0.65,0.07,2,0.6,0.7,C,91
18356,712,0.1,0,2,0.1,0.1,C,91
18356,713,1.5,0.14,2,1.4,1.6,C,91
18364,710,0,0,2,0,0,C,31
18364,711,0,0,2,0,0,C,31
18364,713,0,0,2,0,0,C,31
18376,710,0,,1,0,0,C,91
18376,711,0,,1,0,0,C,91
18376,712,0,,1,0,0,C,91
18376,713,0,,1,0,0,C,91
19015,710,0.05,0,3,0.05,0.05,C,59
19015,711,0.08,0,3,0.08,0.08,C,59
19015,713,0.13,0,3,0.13,0.13,C,59
19015,714,0,,3,0,0,,59
19015,715,0,,3,0,0,,59
19015,716,0.01,,3,0.01,0.01,,59
19016,710,0,,1,0,0,D,89
19016,711,0,,1,0,0,D,89
19016,712,0,,1,0,0,D,89
19016,713,0.01,,1,0.01,0.01,D,89
19016,715,0,,1,0,0,,89
19016,716,0,,1,0,0,,89
19033,710,0,,1,0,0,C,91
19033,711,0,,1,0,0,C,91
19033,712,0,,1,0,0,C,91
19033,713,0,,1,0,0,C,91
19042,710,0,,1,0,0,C,91
19042,711,0,,1,0,0,C,91
19042,712,0,,1,0,0,C,91
19042,713,0,,1,0,0,C,91
19056,710,0,,1,0,0,D,31
19056,711,0,,1,0,0,D,31
19056,713,0,,1,0,0,D,31
19205,710,0,,1,0,0,C,99
19205,711,0,,1,0,0,C,99
19205,712,0,,1,0,0,C,99
19205,713,0,,1,0,0,C,99
19218,710,0,,1,0,0,B,49
19218,711,0,,1,0,0,B,49
19218,713,0,,1,0,0,B,49
19314,710,0,0,2,0,0,B,51
19314,711,0,0,2,0,0,B,51
19314,713,0,0,2,0,0,B,51
19411,710,0,,1,0,0,D,31
19411,711,0,,1,0,0,D,31
19411,713,0,,1,0,0,D,31
20005,710,0,,1,0,0,B,49
20005,711,0.01,,1,0.01,0.01,B,49
20005,713,0.01,,1,0.01,0.01,B,49
20016,710,0.01,,1,0.01,0.01,B,49
20016,711,0.01,,1,0.01,0.01,B,49
20016,713,0.01,,1,0.01,0.01,B,49
20020,710,0.01,,1,0.01,0.01,B,49
20020,711,0.01,,1,0.01,0.01,B,49
20020,713,0.02,,1,0.02,0.02,B,49
20029,710,0.01,,1,0.01,0.01,D,89
20029,711,0,,1,0,0,D,89
20029,712,0,,1,0,0,D,89
20029,713,0.01,,1,0.01,0.01,D,89
20029,715,0,,1,0,0,,89
20029,716,0,,1,0,0,,89
20036,710,0.03,0.04,2,0,0.06,C,"31,49"
20036,711,0.04,0.05,2,0,0.07,C,"31,49"
20036,713,0.07,0.09,2,0,0.13,C,"31,49"
20037,710,0,,1,0,0,B,49
20037,711,0,,1,0,0,B,49
20037,713,0.01,,1,0.01,0.01,B,49
20038,710,0,0,2,0,0,B,49
20038,711,0,0,2,0,0,B,49
20038,713,0,0,2,0,0,B,49
20044,710,0,0,2,0,0,C,"31,49"
20044,711,0,0,2,0,0,C,"31,49"
20044,713,0,0,2,0,0,C,"31,49"
20045,710,0,,1,0,0,B,49
20045,711,0,,1,0,0,B,49
20045,713,0.01,,1,0.01,0.01,B,49
20047,710,0,,1,0,0,D,89
20047,711,0,,1,0,0,D,89
20047,712,0,,1,0,0,D,89
20047,713,0,,1,0,0,D,89
20047,715,0,,1,0,0,,89
20047,716,0,,1,0,0,,89
20066,710,0.01,,1,0.01,0.01,B,49
20066,711,0.02,,1,0.02,0.02,B,49
20066,713,0.02,,1,0.02,0.02,B,49
20077,710,0,,1,0,0,B,49
20077,711,0,,1,0,0,B,49
20077,713,0,,1,0,0,B,49
20080,710,0,,1,0,0,B,49
20080,711,0.01,,1,0.01,0.01,B,49
20080,713,0.02,,1,0.02,0.02,B,49
20081,710,0,,1,0,0,B,49
20081,711,0,,1,0,0,B,49
20081,713,0,,1,0,0,B,49
20088,710,0,,1,0,0,D,31
20088,711,0,,1,0,0,D,31
20088,713,0,,1,0,0,D,31
20095,710,0,,1,0,0,B,49
20095,711,0.01,,1,0.01,0.01,B,49
20095,713,0.01,,1,0.01,0.01,B,49
20100,710,0,,1,0,0,B,49
20100,711,0,,1,0,0,B,49
20100,713,0,,1,0,0,B,49
20109,710,0.01,,1,0.01,0.01,B,49
20109,711,0.01,,1,0.01,0.01,B,49
20109,713,0.02,,1,0.02,0.02,B,49
20110,710,0,,1,0,0,B,49
20110,711,0,,1,0,0,B,49
20110,713,0.01,,1,0.01,0.01,B,49
20120,710,0.01,,1,0.01,0.01,B,49
20120,711,0.01,,1,0.01,0.01,B,49
20120,713,0.01,,1,0.01,0.01,B,49
20121,710,0,,1,0,0,B,49
20121,711,0.01,,1,0.01,0.01,B,49
20121,713,0.01,,1,0.01,0.01,B,49
20124,710,0.01,0.01,2,0,0.01,B,49
20124,711,0.01,0,2,0.01,0.01,B,49
20124,713,0.02,0.01,2,0.01,0.02,B,49
20125,710,0,,1,0,0,B,49
20125,711,0,,1,0,0,B,49
20125,713,0,,1,0,0,B,49
21322,710,4.4,,1,4.4,4.4,C,91
21322,711,0.9,,1,0.9,0.9,C,91
21322,712,0.7,,1,0.7,0.7,C,91
21322,713,6,,1,6,6,C,91
22116,710,1.35,,1,1.35,1.35,B,66
22116,711,2,,1,2,2,B,66
22116,712,0.4,,1,0.4,0.4,B,66
22116,713,3.75,,1,3.75,3.75,B,66
22122,710,2,,1,2,2,C,91
22122,711,2.3,,1,2.3,2.3,C,91
22122,712,0.3,,1,0.3,0.3,C,91
22122,713,4.6,,1,4.6,4.6,C,91
22126,710,1,,1,1,1,B,66
22126,711,2.05,,1,2.05,2.05,B,66
22126,712,0.3,,1,0.3,0.3,B,66
22126,713,3.35,,1,3.35,3.35,B,66
22518,710,0,,1,0,0,C,91
22518,711,0,,1,0,0,C,91
22518,712,0,,1,0,0,C,91
22518,713,0,,1,0,0,C,91
22720,710,1.9,,1,1.9,1.9,C,91
22720,711,1.2,,1,1.2,1.2,C,91
22720,712,0.2,,1,0.2,0.2,C,91
22720,713,3.3,,1,3.3,3.3,C,91
22903,710,0.01,,1,0.01,0.01,D,89
22903,711,0.01,,1,0.01,0.01,D,89
22903,712,0,,1,0,0,D,89
22903,713,0.01,,1,0.01,0.01,D,89
22903,715,0,,1,0,0,,89
22903,716,0,,1,0,0,,89
22904,710,1.25,1.48,4,0,3.4,C,91
22904,711,1.03,0.98,4,0.1,2.4,C,91
22904,712,0.15,0.17,4,0,0.4,C,91
22904,713,2.43,2.57,4,0.1,6.1,C,91
22910,710,0,,1,0,0,D,89
22910,711,0,,1,0,0,D,89
22910,712,0,,1,0,0,D,89
22910,713,0,,1,0,0,D,89
22910,715,0,,1,0,0,,89
22910,716,0,,1,0,0,,89
22911,710,1,0.82,3,0.1,1.7,C,91
22911,711,1.1,0.66,3,0.4,1.7,C,91
22911,712,0.17,0.15,3,0,0.3,C,91
22911,713,2.2,1.57,3,0.5,3.6,C,91
22932,710,0.2,,1,0.2,0.2,C,91
22932,711,0.3,,1,0.3,0.3,C,91
22932,712,0,,1,0,0,C,91
22932,713,0.6,,1,0.6,0.6,C,91
23501,710,0.67,0.33,5,0.3,1.05,B,66
23501,711,1.09,0.42,5,0.5,1.65,B,66
23501,712,0.1,0.07,5,0,0.2,B,66
23501,713,1.86,0.78,5,0.9,2.9,B,66
23506,710,0.35,0.17,5,0.2,0.55,B,66
23506,711,0.77,0.28,5,0.35,1.1,B,66
23506,712,0.02,0.04,5,0,0.1,B,66
23506,713,1.14,0.46,5,0.55,1.75,B,66
23567,710,0,,1,0,0,D,31
23567,711,0,,1,0,0,D,31
23567,713,0,,1,0,0,D,31
25013,710,0.1,,1,0.1,0.1,C,91
25013,711,0,,1,0,0,C,91
25013,712,0,,1,0,0,C,91
25013,713,0.1,,1,0.1,0.1,C,91
25017,710,1.8,,1,1.8,1.8,D,31
25017,711,3.27,,1,3.27,3.27,D,31
25017,713,5.07,,1,5.07,5.07,D,31
25017,714,0,,1,0,0,,31
25017,715,0,,1,0,0,,31
25017,716,0.09,,1,0.09,0.09,,31
42178,710,5.5,0,5,5.5,5.5,C,"64,"
42178,711,11.3,0,5,11.3,11.3,C,"64,"
42178,713,16.8,0,5,16.8,16.8,C,"64,"
42178,714,0,,5,0,0,,64
42237,710,0,,1,0,0,B,49
42237,711,0,,1,0,0,B,49
42237,713,0,,1,0,0,B,49
42299,710,0,,1,0,0,B,66
42299,711,0,,1,0,0,B,66
42299,712,0,,1,0,0,B,66
42299,713,0,,1,0,0,B,66
43130,710,5.78,0,6,5.78,5.78,C,81
43130,711,6.43,0,6,6.43,6.43,C,81
43130,712,0.06,0,6,0.06,0.06,C,81
43130,713,12.27,0,6,12.27,12.27,C,81
43212,710,64.37,23.35,3,49.6,93.9,C,91
43212,711,45.77,0.11,3,45.7,45.9,C,91
43212,712,8.33,1.32,3,7.5,10,C,91
43212,713,118.5,24.82,3,102.8,149.9,C,91
43476,710,5.7,0,3,5.7,5.7,C,95
43476,711,9.4,0,3,9.4,9.4,C,95
43476,712,1.2,0,3,1.2,1.2,C,95
43476,713,16.3,0,3,16.3,16.3,C,95
43528,710,0.2,0.14,2,0.1,0.3,C,91
43528,711,0.35,0.21,2,0.2,0.5,C,91
43528,712,0,0,2,0,0,C,91
43528,713,0.6,0.28,2,0.4,0.8,C,91
97068,710,0,,1,0,0,B,51
97068,711,0,,1,0,0,B,51
97068,713,0,,1,0,0,B,51
97069,710,0,,1,0,0,B,51
97069,711,0,,1,0,0,B,51
97069,713,0,,1,0,0,B,51
97070,710,0,,1,0,0,B,51
97070,711,0,,1,0,0,B,51
97070,713,0,,1,0,0,B,51
99001,710,0.01,0,3,0.01,0.01,C,59
99001,711,0.01,0,3,0.01,0.01,C,59
99001,713,0.02,0,3,0.02,0.02,C,59
99001,714,0,,3,0,0,,59
99001,715,0,,3,0,0,,59
99001,716,0,,3,0,0,,59
99002,710,29.84,12.59,7,20.75,59.3,B,"13,50"
99002,711,40,11.46,7,33.69,67.2,B,"13,50"
99002,713,69.84,24.01,7,54.44,126.5,B,"13,50"
99003,710,0,0,2,0,0,B,66
99003,711,0,0,2,0,0,B,66
99003,712,0,0,2,0,0,B,66
99003,713,0,0,2,0,0,B,66
99008,710,0,,1,0,0,C,24
99008,711,1.29,,1,1.29,1.29,C,24
99008,713,1.29,,1,1.29,1.29,C,24
99008,714,0,,1,0,0,,24
99008,715,0.21,,1,0.21,0.21,,24
99008,716,0,,1,0,0,,24
99009,710,0.04,0.05,2,0,0.07,C,"24,31"
99009,711,0.21,0.2,2,0.07,0.35,C,"24,31"
99009,713,0.25,0.15,2,0.14,0.35,C,"24,31"
99009,714,0.6,0.22,2,0.44,0.75,,"24,31"
99009,715,3.15,1.23,2,2.28,4.02,,"24,31"
99009,716,14.08,19.77,2,0.1,28.06,,"24,31"
99010,710,0,0,3,0,0,C,59
99010,711,0,0,3,0,0,C,59
99010,713,0,0,3,0,0,C,59
99010,714,0,,3,0,0,,59
99010,715,0.01,,3,0.01,0.01,,59
99010,716,0,,3,0,0,,59
99014,710,1.9,0.98,6,0.34,3.45,C,"13,"
99014,711,2.81,0.66,6,1.78,3.85,C,"13,"
99014,713,4.71,1.64,6,2.12,7.31,C,"13,"
99018,710,40.07,8.23,18,29.5,70,B,"13,95,101,"
99018,711,62.18,3.69,18,55,73.15,B,"13,95,101,"
99018,712,10.9,0.15,12,10.5,11.1,B,"95,"
99018,713,109.51,5.46,18,100.1,125,B,"13,95,101,"
99019,710,0,,1,0,0,C,24
99019,711,0.64,,1,0.64,0.64,C,24
99019,713,0.64,,1,0.64,0.64,C,24
99019,714,1.26,,1,1.26,1.26,,24
99019,715,0,,1,0,0,,24
99019,716,6.13,,1,6.13,6.13,,24
99020,710,0.02,0,3,0.02,0.02,C,59
99020,711,0.03,0,3,0.03,0.03,C,59
99020,713,0.05,0,3,0.05,0.05,C,59
99020,714,0.04,,3,0.04,0.04,,59
99020,715,0.01,,3,0.01,0.01,,59
99020,716,0,,3,0,0,,59
99021,710,0,,1,0,0,C,56
99021,711,0,,1,0,0,C,56
99021,713,0,,1,0,0,C,56
99026,710,0,0,2,0,0,C,"24,31,"
99026,711,0.16,0.22,2,0,0.31,C,"24,31,"
99026,713,0.16,0.22,2,0,0.31,C,"24,31,"
99026,714,0,,1,0,0,,24
99026,715,0,,1,0,0,,24
99026,716,0.07,,1,0.07,0.07,,24
99029,710,0,0,2,0,0,B,51
99029,711,0,0,2,0,0,B,51
99029,713,0,0,2,0,0,B,51
99030,710,29.09,12.7,58,9.89,87.42,B,"5,27,"
99030,711,67.57,13.69,58,25.88,110.98,B,"5,27,"
99030,712,13.1,3.58,14,4.56,20.49,B,"27,"
99030,713,99.82,21.22,58,42.54,188,B,"5,27,"
99034,710,12.18,1.91,5,9,14.3,C,"23,95,"
99034,711,21.12,1.15,5,19.2,22.4,C,"23,95,"
99034,712,2.3,0,3,2.3,2.3,C,"95,"
99034,713,34.68,3.89,5,28.2,39,C,"23,95,"
99035,710,37.47,24.37,10,13.92,88.04,C,"18,20,38,80,84,"
99035,711,91.22,41.85,10,44.41,156.06,C,"18,20,38,80,84,"
99035,712,14.23,17.71,2,1.71,26.76,C,"18,80,"
99035,713,131.53,64.64,10,61.34,244.1,C,"18,20,38,80,84,"
99036,710,21.75,23.03,9,7.01,74.35,B,"18,42,81,86,"
99036,711,39.57,43.82,9,13.19,131.96,B,"18,42,81,86,"
99036,712,1.12,0.35,8,0.92,1.9,B,"18,42,81,"
99036,713,62.31,67.07,9,21.12,207.89,B,"18,42,81,86,"
99038,710,19.71,5.32,33,3,27.6,B,"13,34,91,95,97,"
99038,711,17.79,5.75,33,0.31,29.98,B,"13,34,91,95,97,"
99038,712,6.05,3.01,4,1.1,7.7,B,"91,95,"
99038,713,38.24,11.25,33,3.31,59.4,B,"13,34,91,95,97,"
99038,715,0,0,2,0,0,,97
99038,716,0,0,2,0,0,,97
99040,710,41.32,21.23,31,3.31,117.29,B,"24,33,39,52,98,"
99040,711,55.09,19.06,31,5.56,110.92,B,"24,33,39,52,98,"
99040,713,108.08,38.2,31,10.04,207.04,B,"24,33,39,52,98,"
99040,714,0,0,4,0,0,,"24,73"
99040,715,0,0,4,0,0,,"24,73"
99040,716,0,0,4,0,0,,"24,73"
99041,710,1.83,0.93,7,0.2,3.4,B,"22,95,"
99041,711,2.11,1.07,7,0.5,4,B,"22,95,"
99041,712,2.93,0.49,7,1.9,3.5,B,"22,95,"
99041,713,6.87,2.28,7,3.4,10.9,B,"22,95,"
99042,710,5.79,6.41,8,0,21.1,B,"13,23,34,"
99042,711,11.14,11.31,8,1.95,38.2,B,"13,23,34,"
99042,713,25.72,20.18,5,3.33,59.3,C,"13,23,"
99043,710,2.75,1.23,5,0.7,4.12,C,"16,75,"
99043,711,5.1,1.8,5,2.1,7.1,C,"16,75,"
99043,713,7.85,3.04,5,2.8,11.22,C,"16,75,"
99044,710,0,,1,0,0,C,56
99044,711,0,,1,0,0,C,56
99044,713,0,,1,0,0,C,56
99045,710,18.8,1.41,6,16.58,21.03,B,"13,67,"
99045,711,21.68,2.89,6,17.11,26.26,B,"13,67,"
99045,712,7.9,0,3,7.9,7.9,B,"67,"
99045,713,44.43,3.98,6,38.13,50.73,B,"13,67,"
99047,710,0,0,3,0,0,C,"31,51,89,"
99047,711,0,0,3,0,0,C,"31,51,89,"
99047,712,0,,1,0,0,C,89
99047,713,0,0,3,0,0,C,"31,51,89,"
99047,715,0,,1,0,0,,89
99047,716,0,,1,0,0,,89
99048,710,0,,1,0,0,B,51
99048,711,0,,1,0,0,B,51
99048,713,0,,1,0,0,B,51
99049,710,0.9,0,3,0.9,0.9,C,"95,"
99049,711,3.7,0,3,3.7,3.7,C,"95,"
99049,712,3.9,0,3,3.9,3.9,C,"95,"
99049,713,8.5,0,3,8.5,8.5,C,"95,"
99052,710,0,,1,0,0,B,51
99052,711,0,,1,0,0,B,51
99052,713,0,,1,0,0,B,51
99053,710,80.03,21.28,19,16.1,116,B,"22,23,74,90,97,"
99053,711,101.4,21.98,19,23.6,131.7,B,"22,23,74,90,97,"
99053,712,15.43,2.99,18,4.09,18.4,B,"22,23,74,90,"
99053,713,196.05,46.55,19,43.79,266.1,B,"22,23,74,90,97,"
99053,715,0,,1,0,0,,97
99053,716,0,,1,0,0,,97
99054,710,1.14,0.64,5,0.3,2.1,B,"22,95,"
99054,711,2.6,1.3,5,0.3,3.6,B,"22,95,"
99054,712,2.28,1.06,5,0.3,3,B,"22,95,"
99054,713,6.02,2.69,5,0.9,7.7,B,"22,95,"
99056,710,1.5,0,3,1.5,1.5,C,"95,"
99056,711,0.8,0,3,0.8,0.8,C,"95,"
99056,712,4.1,0,3,4.1,4.1,C,"95,"
99056,713,6.4,0,3,6.4,6.4,C,"95,"
99060,710,38.25,18.81,11,16.68,91.05,B,"13,67,"
99060,711,52.81,8.35,11,40.29,75.95,B,"13,67,"
99060,712,4.94,0.49,8,4.27,6.05,B,"67,"
99060,713,94.65,25.75,11,61.23,167,B,"13,67,"
99063,710,0.14,0,2,0.14,0.14,C,"16,"
99063,711,0.4,0,2,0.4,0.4,C,"16,"
99063,713,0.54,0,2,0.54,0.54,C,"16,"
99064,710,0.21,0.21,4,0.02,0.5,C,"16,91,"
99064,711,0.33,0.32,4,0.06,0.8,C,"16,91,"
99064,712,0.1,0,2,0.1,0.1,C,91
99064,713,0.57,0.56,4,0.08,1.4,C,"16,91,"
99065,710,0.03,0,2,0.03,0.03,C,"16,"
99065,711,0.31,0,2,0.31,0.31,C,"16,"
99065,713,0.34,0,2,0.34,0.34,C,"16,"
99070,710,0,,1,0,0,C,89
99070,711,0,,1,0,0,C,89
99070,712,0,,1,0,0,C,89
99070,713,0,,1,0,0,C,89
99070,715,0,,1,0,0,,89
99070,716,0,,1,0,0,,89
99072,710,26.71,0,3,26.71,26.71,C,"13,"
99072,711,27.45,0,3,27.45,27.45,C,"13,"
99072,713,54.16,0,3,54.16,54.16,C,"13,"
99073,710,0,,1,0,0,D,89
99073,711,0.01,,1,0.01,0.01,D,89
99073,712,0,,1,0,0,D,89
99073,713,0.01,,1,0.01,0.01,D,89
99073,715,0,,1,0,0,,89
99073,716,0,,1,0,0,,89
99080,710,67.69,19.25,35,24.8,123.25,B,"11,28,42,50,65,67,75,83,86,91,95,"
99080,711,89.42,26.96,35,33.5,150,B,"11,28,42,50,65,67,75,83,86,91,95,"
99080,712,20.02,6.77,27,3.9,30.3,B,"11,28,42,65,67,83,91,95,"
99080,713,172.55,50.01,35,68.6,295.55,B,"11,28,42,50,65,67,75,83,86,91,95,"
99081,710,6.4,0,3,6.4,6.4,C,"95,"
99081,711,19.6,0,3,19.6,19.6,C,"95,"
99081,712,3,0,3,3,3,C,"95,"
99081,713,29,0,3,29,29,C,"95,"
99084,710,8,,1,8,8,B,66
99084,711,12.75,,1,12.75,12.75,B,66
99084,712,1.95,,1,1.95,1.95,B,66
99084,713,22.7,,1,22.7,22.7,B,66
99085,710,12.8,0,2,12.8,12.8,B,66
99085,711,16.15,0,2,16.15,16.15,B,66
99085,712,2.4,0,2,2.4,2.4,B,66
99085,713,31.35,0,2,31.35,31.35,B,66
99086,710,8.59,0,2,8.59,8.59,C,"16,"
99086,711,20.65,0,2,20.65,20.65,C,"16,"
99086,713,29.24,0,2,29.24,29.24,C,"16,"
99092,710,45.95,22.47,49,7.45,113.8,B,"24,61,62,73,74,96,102,"
99092,711,74.33,23.56,52,13,156.7,B,"24,25,61,62,73,74,96,102,"
99092,712,9.01,3.21,36,2.7,20.4,B,"73,74,96,"
99092,713,130.65,41.17,49,34.22,253.09,B,"24,61,62,73,74,96,102,"
99092,714,0,0,13,0,0,,"24,73"
99092,715,0,0,13,0,0,,"24,73"
99092,716,0,0,13,0,0,,73
99093,710,78.86,19.72,314,7.51,144.92,C,"9,10,40,41,48,73,74,103,"
99093,711,89.32,24.68,314,10.13,221.85,C,"9,10,40,41,48,73,74,103,"
99093,712,18.76,7.13,178,1.25,47.82,C,"40,41,48,73,74,103,"
99093,713,178.81,47.16,314,20.02,380.9,C,"9,10,40,41,48,73,74,103,"
99093,714,0,,3,0,0,,73
99093,715,0,,3,0,0,,73
99093,716,0,,3,0,0,,73
99096,710,17.81,2.98,11,10.1,23.2,B,"22,23,"
99096,711,25.15,5.31,11,10.5,32.5,B,"22,23,"
99096,712,2.69,0.55,7,1.6,3.5,B,22
99096,713,44.67,8.12,11,22.2,55.5,B,"22,23,"
99097,710,15.59,2.16,18,13.6,23.8,B,"22,23,34,"
99097,711,16.01,2.35,18,13.9,25,B,"22,23,34,"
99097,712,2.77,0.85,15,2,5.7,B,"22,23,"
99097,713,33.91,5.38,18,29.5,54.5,B,"22,23,34,"
99100,710,61.7,5.84,15,53.69,75.35,B,"68,73,74,95,"
99100,711,60.07,12.13,15,33.5,91.72,B,"68,73,74,95,"
99100,712,7.07,3.6,15,3.87,19.69,B,"68,73,74,95,"
99100,713,128.83,18.66,15,100.93,186.76,B,"68,73,74,95,"
99100,714,0,,3,0,0,,73
99100,715,0,,3,0,0,,73
99100,716,0,,3,0,0,,73
99105,710,0.22,,1,0.22,0.22,B,"68,"
99105,711,0.3,,1,0.3,0.3,B,"68,"
99105,712,0.05,,1,0.05,0.05,B,"68,"
99105,713,0.57,,1,0.57,0.57,B,"68,"
99106,710,0.01,,1,0.01,0.01,C,"58,"
99106,711,0.03,,1,0.03,0.03,C,"58,"
99106,713,0.05,,1,0.05,0.05,C,"58,"
99106,716,0.03,,1,0.03,0.03,,58
99107,710,0.01,0.01,2,0,0.01,C,"31,58,"
99107,711,0.02,0.02,2,0,0.04,C,"31,58,"
99107,713,0.02,0.03,2,0,0.05,C,"31,58,"
99107,716,0.03,,1,0.03,0.03,,58
99111,710,0.4,,1,0.4,0.4,C,91
99111,711,0.6,,1,0.6,0.6,C,91
99111,712,0,,1,0,0,C,91
99111,713,1,,1,1,1,C,91
99337,710,0,,1,0,0,C,56
99337,711,0,,1,0,0,C,56
99337,713,0,,1,0,0,C,56
99395,710,0,,1,0,0,B,51
99395,711,0,,1,0,0,B,51
99395,713,0,,1,0,0,B,51
99423,710,0.01,,1,0.01,0.01,C,89
99423,711,0.03,,1,0.03,0.03,C,89
99423,712,0,,1,0,0,C,89
99423,713,0.04,,1,0.04,0.04,C,89
99423,715,0,,1,0,0,,89
99423,716,0,,1,0,0,,89
99457,714,0,,4,0,0,C,"73, 76b"
99457,715,0,,4,0,0,C,"73, 76b"
99457,716,0,,4,0,0,C,"73, 76b"
99468,710,0.5,0,2,0.5,0.5,C,91
99468,711,0.5,0,2,0.5,0.5,C,91
99468,712,0.05,0.07,2,0,0.1,C,91
99468,713,1.05,0.07,2,1,1.1,C,91
99469,710,0,0,3,0,0,B,50
99469,711,0,0,3,0,0,B,50
99469,713,0,0,3,0,0,B,50
99470,710,0,,1,0,0,B,50
99470,711,0,,1,0,0,B,50
99470,713,0,,1,0,0,B,50
99471,710,1.8,,1,1.8,1.8,C,22
99471,711,4.4,,1,4.4,4.4,C,22
99471,712,1.7,,1,1.7,1.7,C,22
99471,713,7.9,,1,7.9,7.9,C,22
99472,710,5.75,5.73,2,1.7,9.8,C,22
99472,711,8.7,8.91,2,2.4,15,C,22
99472,712,3.5,2.55,2,1.7,5.3,C,22
99472,713,17.95,17.18,2,5.8,30.1,C,22
99474,710,0.16,0.19,2,0.02,0.29,C,"31,89,"
99474,711,0.31,0.41,2,0.02,0.6,C,"31,89,"
99474,712,0,,1,0,0,C,89
99474,713,0.47,0.59,2,0.05,0.89,C,"31,89,"
99474,714,0,,1,0,0,,31
99474,715,0.95,0.77,2,0.4,1.49,,"31,89"
99474,716,0,0,2,0,0,,"31,89"
99475,710,0,0,2,0,0,C,91
99475,711,0,0,2,0,0,C,91
99475,712,0,0,2,0,0,C,91
99475,713,0,0,2,0,0,C,91
99476,710,0.45,0.07,2,0.4,0.5,C,91
99476,711,0.35,0.07,2,0.3,0.4,C,91
99476,712,0.05,0.07,2,0,0.1,C,91
99476,713,0.9,0.14,2,0.8,1,C,91
99477,710,0,,1,0,0,B,49
99477,711,0,,1,0,0,B,49
99477,713,0,,1,0,0,B,49
99478,710,0,,1,0,0,B,49
99478,711,0.01,,1,0.01,0.01,B,49
99478,713,0.01,,1,0.01,0.01,B,49
99479,710,0.01,,1,0.01,0.01,B,49
99479,711,0.02,,1,0.02,0.02,B,49
99479,713,0.03,,1,0.03,0.03,B,49
99480,710,0,,1,0,0,B,49
99480,711,0,,1,0,0,B,49
99480,713,0,,1,0,0,B,49
99481,710,0,,1,0,0,B,49
99481,711,0,,1,0,0,B,49
99481,713,0,,1,0,0,B,49
99482,710,0,,1,0,0,B,49
99482,711,0,,1,0,0,B,49
99482,713,0,,1,0,0,B,49
99483,710,0.01,,1,0.01,0.01,B,49
99483,711,0.01,,1,0.01,0.01,B,49
99483,713,0.02,,1,0.02,0.02,B,49
99484,710,0,,1,0,0,B,49
99484,711,0,,1,0,0,B,49
99484,713,0,,1,0,0,B,49
99485,710,1.4,1.34,4,0.2,2.8,C,91
99485,711,2.58,2.53,4,0.4,5.1,C,91
99485,712,0.28,0.32,4,0,0.6,C,91
99485,713,4.33,4.16,4,0.7,8.5,C,91
99486,710,0.29,0.25,9,0.01,0.8,C,"2,82,"
99486,711,0.3,0.17,9,0.04,0.6,C,"2,82,"
99486,712,0,0.01,3,0,0.01,C,2
99486,713,0.59,0.42,9,0.09,1.4,C,"2,82,"
99486,714,0,0,3,0,0,,2
99486,715,0,0,3,0,0,,2
99486,716,0.01,0.02,3,0,0.03,,2
99488,710,53.38,13.89,22,24.4,96,B,"9,73,74,104"
99488,711,57.98,5.6,22,43.35,72.3,B,"9,73,74,104"
99488,712,11.71,2.35,13,5.56,15.08,B,"73,74,104"
99488,713,118.28,21.2,22,77.67,182.8,B,"9,73,74,104"
99488,714,0,,3,0,0,,73
99488,715,0,,3,0,0,,73
99488,716,0,,3,0,0,,73
99489,710,0,,1,0,0,B,50
99489,711,0.01,,1,0.01,0.01,B,50
99489,713,0.01,,1,0.01,0.01,B,50
99490,710,0,,1,0,0,B,50
99490,711,0,,1,0,0,B,50
99490,713,0,,1,0,0,B,50
99491,710,0.43,0.29,4,0,0.6,C,91
99491,711,0.38,0.26,4,0,0.6,C,91
99491,712,0.08,0.05,4,0,0.1,C,91
99491,713,0.83,0.56,4,0,1.2,C,91
99492,710,0.05,0.07,5,0,0.17,B,"50,73,"
99492,711,0.07,0.09,5,0,0.23,B,"50,73,"
99492,712,0,0,3,0,0,C,73
99492,713,0.12,0.16,5,0,0.39,B,"50,73,"
99492,714,0,,3,0,0,,73
99492,715,0,,3,0,0,,73
99492,716,0,,3,0,0,,73
99493,710,0.04,,1,0.04,0.04,B,50
99493,711,0.05,,1,0.05,0.05,B,50
99493,713,0.09,,1,0.09,0.09,B,50
99494,710,0.78,0.49,2,0.43,1.13,C,"31,89,"
99494,711,0.73,0.4,2,0.44,1.01,C,"31,89,"
99494,712,0.03,,1,0.03,0.03,C,89
99494,713,1.52,0.06,2,1.47,1.56,C,"31,89,"
99494,714,0,,1,0,0,,31
99494,715,0.02,0.02,2,0,0.03,,"31,89"
99494,716,0.04,0.05,2,0,0.07,,"31,89"
99495,710,9.15,2.32,25,2.94,16.6,B,"34,36,79,"
99495,711,8.42,1.5,25,4.95,13.6,B,"34,36,79,"
99495,712,0.92,0.22,13,0.21,1.23,B,"36,79,"
99495,713,18.04,3.47,25,8.1,26.9,B,"34,36,79,"
99496,710,0,0,15,0,0,A,34
99496,711,0,0,15,0,0,A,34
99496,713,0,0,15,0,0,A,34
99497,710,7.5,2.77,12,3.45,11.5,C,92104
99497,711,5.46,2.32,12,1.69,9.81,C,92104
99497,712,0.78,0.46,12,0.23,1.96,C,92104
99497,713,13.75,4.86,12,6.34,22.32,C,92104
99498,710,6.6,0,3,6.6,6.6,B,34
99498,711,3.1,0,3,3.1,3.1,B,34
99498,713,9.7,0,3,9.7,9.7,B,34
99499,710,5.5,0,3,5.5,5.5,B,34
99499,711,1,0,3,1,1,B,34
99499,713,6.5,0,3,6.5,6.5,B,34
99500,710,32.9,0,3,32.9,32.9,B,34
99500,711,39.9,0,3,39.9,39.9,B,34
99500,713,72.8,0,3,72.8,72.8,B,34
99501,710,0,,1,0,0,C,91
99501,711,0,,1,0,0,C,91
99501,712,0,,1,0,0,C,91
99501,713,0,,1,0,0,C,91
99502,710,0,,1,0,0,D,89
99502,711,0,,1,0,0,D,89
99502,712,0,,1,0,0,D,89
99502,713,0,,1,0,0,D,89
99502,715,0,,1,0,0,,89
99502,716,0,,1,0,0,,89
99503,710,5.96,5.18,2,2.3,9.62,C,"31,89,"
99503,711,4.04,2.18,2,2.49,5.58,C,"31,89,"
99503,712,0.53,,1,0.53,0.53,C,89
99503,713,10.26,6.98,2,5.32,15.19,C,"31,89,"
99503,714,0,,1,0,0,,31
99503,715,0,0,2,0,0,,"31,89"
99503,716,0.15,0.22,2,0,0.3,,"31,89"
99504,710,3.5,0.98,3,2.7,4.6,C,99
99504,711,5.63,1.45,3,4.2,7.1,C,99
99504,712,0,0,3,0,0,C,99
99504,713,9.13,2.42,3,6.9,11.7,C,99
99505,710,0,,1,0,0,B,51
99505,711,0,,1,0,0,B,51
99505,713,0,,1,0,0,B,51
99506,710,0.6,,1,0.6,0.6,C,91
99506,711,1,,1,1,1,C,91
99506,712,0.1,,1,0.1,0.1,C,91
99506,713,1.7,,1,1.7,1.7,C,91
99507,710,0,,1,0,0,C,91
99507,711,0.1,,1,0.1,0.1,C,91
99507,712,0,,1,0,0,C,91
99507,713,0.1,,1,0.1,0.1,C,91
99508,710,0.23,0.25,3,0,0.5,C,"31,91,"
99508,711,0.21,0.2,3,0,0.4,C,"31,91,"
99508,712,0,0,2,0,0,C,91
99508,713,0.47,0.4,3,0.1,0.9,C,"31,91,"
99508,714,0,,1,0,0,,31
99508,715,0,,1,0,0,,31
99508,716,0,,1,0,0,,31
99509,710,1.3,,1,1.3,1.3,D,31
99509,711,3.22,,1,3.22,3.22,D,31
99509,713,4.52,,1,4.52,4.52,D,31
99509,714,0.05,,1,0.05,0.05,,31
99509,715,0,,1,0,0,,31
99509,716,0.24,,1,0.24,0.24,,31
99510,710,13.77,12.39,5,3.36,30.9,B,"22,89,99,"
99510,711,16.59,9.83,5,6.57,29.8,B,"22,89,99,"
99510,712,2.8,4.12,5,0,9.4,B,"22,89,99,"
99510,713,33.17,26.16,5,10.23,70.1,B,"22,89,99,"
99510,715,0,,1,0,0,,89
99510,716,0,,1,0,0,,89
99511,710,5.4,0,5,5.4,5.4,C,"64,"
99511,711,10.3,0,5,10.3,10.3,C,"64,"
99511,713,15.7,0,5,15.7,15.7,C,"64,"
99511,714,0,,5,0,0,,64
99512,710,0,,1,0,0,D,89
99512,711,0,,1,0,0,D,89
99512,712,0,,1,0,0,D,89
99512,713,0,,1,0,0,D,89
99512,715,0,,1,0,0,,89
99512,716,0,,1,0,0,,89
99513,710,0,,1,0,0,B,51
99513,711,0,,1,0,0,B,51
99513,713,0,,1,0,0,B,51
99514,710,0,,1,0,0,D,89
99514,711,0,,1,0,0,D,89
99514,712,0,,1,0,0,D,89
99514,713,0,,1,0,0,D,89
99514,715,0,,1,0,0,,89
99514,716,0,,1,0,0,,89
99515,710,0.74,0.23,3,0.6,1,C,"31,91,"
99515,711,0.68,0.24,3,0.4,0.83,C,"31,91,"
99515,712,0.1,0,2,0.1,0.1,C,91
99515,713,1.48,0.4,3,1.1,1.9,C,"31,91,"
99515,714,0,,1,0,0,,31
99515,715,0,,1,0,0,,31
99515,716,0.09,,1,0.09,0.09,,31
99516,710,0.16,,1,0.16,0.16,D,31
99516,711,0.14,,1,0.14,0.14,D,31
99516,713,0.3,,1,0.3,0.3,D,31
99516,714,0,,1,0,0,,31
99516,715,0,,1,0,0,,31
99516,716,0.05,,1,0.05,0.05,,31
99517,710,0.29,0.12,2,0.2,0.37,C,"49,99"
99517,711,0.28,0.25,2,0.1,0.46,C,"49,99"
99517,712,0,,1,0,0,C,99
99517,713,0.57,0.37,2,0.3,0.83,C,"49,99"
99518,710,0.09,,1,0.09,0.09,D,89
99518,711,0.21,,1,0.21,0.21,D,89
99518,712,0,,1,0,0,D,89
99518,713,0.3,,1,0.3,0.3,D,89
99518,715,0,,1,0,0,,89
99518,716,0,,1,0,0,,89
99519,710,0,,1,0,0,D,89
99519,711,0,,1,0,0,D,89
99519,712,0,,1,0,0,D,89
99519,713,0,,1,0,0,D,89
99519,715,0,,1,0,0,,89
99519,716,0,,1,0,0,,89
99520,710,26.15,0.64,4,25.8,27.2,B,42
99520,711,25.15,12.87,4,18.1,46.3,B,42
99520,712,6.1,,1,6.1,6.1,B,42
99520,713,52.83,16.29,4,43.9,79.6,B,42
99521,710,0,,1,0,0,D,89
99521,711,0.01,,1,0.01,0.01,D,89
99521,712,0,,1,0,0,D,89
99521,713,0.01,,1,0.01,0.01,D,89
99521,715,0,,1,0,0,,89
99521,716,0,,1,0,0,,89
99522,710,0,,1,0,0,B,49
99522,711,0,,1,0,0,B,49
99522,713,0,,1,0,0,B,49
99523,710,0.3,,1,0.3,0.3,B,49
99523,711,0.23,,1,0.23,0.23,B,49
99523,713,0.52,,1,0.52,0.52,B,49
99524,710,0.11,,1,0.11,0.11,B,49
99524,711,0.22,,1,0.22,0.22,B,49
99524,713,0.34,,1,0.34,0.34,B,49
99526,710,0,,1,0,0,B,51
99526,711,0,,1,0,0,B,51
99526,713,0,,1,0,0,B,51
99527,710,0,,1,0,0,B,51
99527,711,0,,1,0,0,B,51
99527,713,0,,1,0,0,B,51
99528,710,4.9,,1,4.9,4.9,C,91
99528,711,5.9,,1,5.9,5.9,C,91
99528,712,0.7,,1,0.7,0.7,C,91
99528,713,11.5,,1,11.5,11.5,C,91
99529,710,10.26,2.48,7,5.36,12.4,B,"22,30,89"
99529,711,10.83,3.98,7,5.36,17.05,B,"22,30,89"
99529,712,1.35,0.32,5,0.73,1.5,C,"22,89"
99529,713,22.05,6.36,7,11.15,27.12,B,"22,30,89"
99529,715,0,,1,0,0,,89
99529,716,0,,1,0,0,,89
99531,710,0.01,0.01,4,0,0.02,B,49
99531,711,0.01,0.01,4,0,0.03,B,49
99531,713,0.02,0.02,4,0,0.05,B,49
99532,710,0.02,0.03,2,0,0.04,B,49
99532,711,0.04,0.06,2,0,0.08,B,49
99532,713,0.06,0.08,2,0,0.11,B,49
99533,710,0.06,,1,0.06,0.06,D,31
99533,711,0.14,,1,0.14,0.14,D,31
99533,713,0.21,,1,0.21,0.21,D,31
99533,714,0.05,,1,0.05,0.05,,31
99533,715,0.05,,1,0.05,0.05,,31
99533,716,0.05,,1,0.05,0.05,,31
99534,710,4.87,2.51,3,2.1,7,B,42
99534,711,9.13,3.09,3,5.8,11.9,B,42
99534,712,0.67,0.7,3,0,1.4,B,42
99534,713,14.67,5.46,3,8.5,18.9,B,42
99535,710,7.8,,1,7.8,7.8,C,22
99535,711,8.8,,1,8.8,8.8,C,22
99535,712,2.1,,1,2.1,2.1,C,22
99535,713,18.7,,1,18.7,18.7,C,22
99536,710,0,,1,0,0,C,99
99536,711,0,,1,0,0,C,99
99536,712,0,,1,0,0,C,99
99536,713,0,,1,0,0,C,99
99538,710,13.3,,1,13.3,13.3,C,91
99538,711,13,,1,13,13,C,91
99538,712,0.6,,1,0.6,0.6,C,91
99538,713,26.9,,1,26.9,26.9,C,91
99539,710,8.1,,1,8.1,8.1,C,91
99539,711,8.4,,1,8.4,8.4,C,91
99539,712,1.2,,1,1.2,1.2,C,91
99539,713,17.7,,1,17.7,17.7,C,91
99540,710,7.28,0,4,7.28,7.28,C,79
99540,711,8.22,0,4,8.22,8.22,C,79
99540,712,1.28,0,4,1.28,1.28,C,79
99540,713,16.79,0,4,16.79,16.79,C,79
99541,710,7.5,0,3,7.5,7.5,B,34
99541,711,5.6,0,3,5.6,5.6,B,34
99541,713,13.1,0,3,13.1,13.1,B,34
99542,710,0,,1,0,0,B,49
99542,711,0,,1,0,0,B,49
99542,713,0,,1,0,0,B,49
99543,710,0.1,0,2,0.1,0.1,C,91
99543,711,0.1,0,2,0.1,0.1,C,91
99543,712,0,0,2,0,0,C,91
99543,713,0.2,0,2,0.2,0.2,C,91
99544,710,0.15,0.07,2,0.1,0.2,C,91
99544,711,0.25,0.07,2,0.2,0.3,C,91
99544,712,0,0,2,0,0,C,91
99544,713,0.45,0.07,2,0.4,0.5,C,91
99545,710,0,,1,0,0,C,91
99545,711,0,,1,0,0,C,91
99545,712,0,,1,0,0,C,91
99545,713,0,,1,0,0,C,91
99546,710,0,,1,0,0,C,91
99546,711,0,,1,0,0,C,91
99546,712,0,,1,0,0,C,91
99546,713,0,,1,0,0,C,91
99547,710,1.4,,1,1.4,1.4,C,91
99547,711,1.1,,1,1.1,1.1,C,91
99547,712,0.2,,1,0.2,0.2,C,91
99547,713,2.7,,1,2.7,2.7,C,91
99548,710,0,,1,0,0,C,91
99548,711,0,,1,0,0,C,91
99548,712,0,,1,0,0,C,91
99548,713,0.1,,1,0.1,0.1,C,91
99549,710,0.04,,1,0.04,0.04,D,31
99549,711,0,,1,0,0,D,31
99549,713,0.04,,1,0.04,0.04,D,31
99549,714,0,,1,0,0,,31
99549,715,0,,1,0,0,,31
99549,716,0,,1,0,0,,31
99550,710,0.61,,1,0.61,0.61,B,49
99550,711,0.58,,1,0.58,0.58,B,49
99550,713,1.19,,1,1.19,1.19,B,49
99551,710,0.01,0,2,0.01,0.01,B,49
99551,711,0.02,0.01,2,0.01,0.02,B,49
99551,713,0.02,0,2,0.02,0.02,B,49
99553,710,0.02,0.01,3,0.01,0.03,B,49
99553,711,0.01,0.01,3,0,0.02,B,49
99553,713,0.03,0.02,3,0.01,0.04,B,49
99554,710,0.15,0.07,2,0.1,0.2,C,91
99554,711,0.2,0.14,2,0.1,0.3,C,91
99554,712,0,0,2,0,0,C,91
99554,713,0.35,0.21,2,0.2,0.5,C,91
99555,710,2.6,,1,2.6,2.6,C,91
99555,711,13.1,,1,13.1,13.1,C,91
99555,712,0.2,,1,0.2,0.2,C,91
99555,713,15.9,,1,15.9,15.9,C,91
99556,710,0,,1,0,0,C,91
99556,711,0,,1,0,0,C,91
99556,712,0,,1,0,0,C,91
99556,713,0,,1,0,0,C,91
99557,710,3,,1,3,3,C,91
99557,711,2.7,,1,2.7,2.7,C,91
99557,712,0.3,,1,0.3,0.3,C,91
99557,713,6,,1,6,6,C,91
99559,710,2.8,0,3,2.8,2.8,B,34
99559,711,3.1,0,3,3.1,3.1,B,34
99559,713,5.9,0,3,5.9,5.9,B,34
99559,716,0,,3,0,0,,34
99560,710,27.98,18.19,8,8.7,64.1,B,22
99560,711,42.91,25.44,8,14.2,84.5,B,22
99560,712,10.76,3.65,8,4.7,14.9,B,22
99560,713,81.65,46.04,8,27.6,163.5,B,22
99561,710,0,,1,0,0,B,49
99561,711,0,,1,0,0,B,49
99561,713,0,,1,0,0,B,49
99562,710,0,,1,0,0,B,49
99562,711,0,,1,0,0,B,49
99562,713,0,,1,0,0,B,49
99563,710,1.1,,1,1.1,1.1,C,91
99563,711,1.7,,1,1.7,1.7,C,91
99563,712,0.1,,1,0.1,0.1,C,91
99563,713,2.9,,1,2.9,2.9,C,91
99564,710,7,,1,7,7,C,91
99564,711,6.2,,1,6.2,6.2,C,91
99564,712,0.9,,1,0.9,0.9,C,91
99564,713,14,,1,14,14,C,91
99565,710,11.8,,1,11.8,11.8,C,91
99565,711,13.6,,1,13.6,13.6,C,91
99565,712,1.2,,1,1.2,1.2,C,91
99565,713,26.6,,1,26.6,26.6,C,91
99566,710,0,,1,0,0,B,49
99566,711,0,,1,0,0,B,49
99566,713,0.01,,1,0.01,0.01,B,49
99567,710,0,,1,0,0,B,49
99567,711,0,,1,0,0,B,49
99567,713,0,,1,0,0,B,49
99568,710,40.85,1.42,6,38.6,43.1,B,34
99568,711,42.45,0.54,6,41.6,43.3,B,34
99568,713,83.3,0.89,6,81.9,84.7,B,34
99569,710,0.23,,1,0.23,0.23,D,31
99569,711,0.24,,1,0.24,0.24,D,31
99569,713,0.47,,1,0.47,0.47,D,31
99571,710,11,0,13,11,11,B,46
99571,711,10,0,13,10,10,B,46
99571,713,21,0,13,21,21,B,46
99571,714,833,,9,833,833,,77
99571,715,1322,,9,1322,1322,,77
99572,710,4.84,1.71,156,0.5,12.6,B,"3,7,9,11,13,17,22,23,31,34,38,42,45,54,55,61,63,66,74,79,81,89,90,94,97,99"
99572,711,6.07,2.19,162,0.4,16.8,B,"3,7,9,11,13,17,22,23,25,31,34,38,42,45,54,55,61,63,66,74,79,81,89,90,94,97,99"
99572,712,0.93,0.47,73,0,3.57,B,"3,7,11,22,42,66,74,79,81,89,90,94,99"
99572,713,10.73,3.99,156,1.1,31.03,B,"3,7,9,11,13,17,22,23,31,34,38,42,45,54,55,61,63,66,74,79,81,89,90,94,97,99"
99573,710,0.75,0,3,0.75,0.75,B,66
99573,711,2.7,0,3,2.7,2.7,B,66
99573,712,0.3,0,3,0.3,0.3,B,66
99573,713,3.75,0,3,3.75,3.75,B,66
99574,710,39.88,16.98,57,7.3,112,B,"34,42,73"
99574,711,65.64,19.35,57,26.4,175,B,"34,42,73"
99574,712,17.12,4.1,51,7.29,42.4,B,"42,73"
99574,713,120.84,34.12,57,50.8,305.8,B,"34,42,73"
99575,710,45.44,10.54,44,2.64,69.69,B,"2,44,45,50,64,78,99"
99575,711,39.78,14.46,44,9.7,109.86,B,"2,44,45,50,64,78,99"
99575,712,22.37,8.19,32,0,50.58,A,"2,44,99"
99575,713,103.56,18.71,43,45.38,161.22,A,"2,44,45,50,64,99"
99576,710,61.33,21.48,399,9.88,191.43,B,"4,6,8,11,15,18,21,22,24,26,31,32,47,53,57,60,73,74,88,94,95,96,97,98,100"
99576,711,86.33,20.3,399,19.79,180.19,B,"4,6,8,11,15,18,21,22,24,26,31,32,47,53,57,60,73,74,88,94,95,96,97,98,100"
99576,712,13.33,8.89,381,1.16,121.69,B,"4,6,11,15,18,22,26,32,47,53,60,73,74,94,95,96,98,100"
99576,713,159.98,43.58,399,18.08,388.08,B,"4,6,8,11,15,18,21,22,24,26,31,32,47,53,57,60,73,74,88,94,95,96,97,98,100"
99576,714,0,,3,0,0,B,24
99576,715,0,0,5,0,0,B,"24,97"
99576,716,0,0,5,0,0,B,"24,97"
